class,feature,coefficient,absolute_coefficient
DUPLICATE,solidity,0.8542485700070009,0.8542485700070009
DUPLICATE,edge_distance_norm,0.42100371070656745,0.42100371070656745
DUPLICATE,center_y_norm,0.370441751646085,0.370441751646085
DUPLICATE,bbox_height,0.2965947139072366,0.2965947139072366
DUPLICATE,bbox_width,0.29342581496171677,0.29342581496171677
DUPLICATE,score,-0.22567854307971336,0.22567854307971336
DUPLICATE,aspect_ratio,0.2252704691423863,0.2252704691423863
DUPLICATE,neighbor_count_100px,-0.17876573878526683,0.17876573878526683
DUPLICATE,center_x_norm,-0.16814115556625442,0.16814115556625442
DUPLICATE,compactness,0.11443806388768223,0.11443806388768223
DUPLICATE,bbox_area_px,0.10121191585981859,0.10121191585981859
DUPLICATE,relative_mask_area,-0.03346993679375057,0.03346993679375057
DUPLICATE,mask_area_px,-0.033469936793750515,0.033469936793750515
DUPLICATE,rectangularity,-0.015855875886607685,0.015855875886607685
OVER_SEGMENTATION,solidity,-1.0887409320915655,1.0887409320915655
OVER_SEGMENTATION,neighbor_count_100px,-0.7393270891785684,0.7393270891785684
OVER_SEGMENTATION,compactness,0.6797618352627129,0.6797618352627129
OVER_SEGMENTATION,score,0.6086209946002292,0.6086209946002292
OVER_SEGMENTATION,rectangularity,-0.42566465198348696,0.42566465198348696
OVER_SEGMENTATION,bbox_width,-0.28488433715519773,0.28488433715519773
OVER_SEGMENTATION,bbox_area_px,-0.2487871044377149,0.2487871044377149
OVER_SEGMENTATION,edge_distance_norm,0.2413207281598051,0.2413207281598051
OVER_SEGMENTATION,aspect_ratio,-0.20980130461843904,0.20980130461843904
OVER_SEGMENTATION,bbox_height,-0.201374634980302,0.201374634980302
OVER_SEGMENTATION,center_y_norm,-0.17118195640158773,0.17118195640158773
OVER_SEGMENTATION,center_x_norm,0.15303550278331263,0.15303550278331263
OVER_SEGMENTATION,mask_area_px,-0.12428871747308555,0.12428871747308555
OVER_SEGMENTATION,relative_mask_area,-0.12428871747308542,0.12428871747308542
POSSIBLE_UNANNOTATED_PANEL,neighbor_count_100px,0.611176355924414,0.611176355924414
POSSIBLE_UNANNOTATED_PANEL,compactness,-0.4515525729770092,0.4515525729770092
POSSIBLE_UNANNOTATED_PANEL,solidity,-0.3188419898874132,0.3188419898874132
POSSIBLE_UNANNOTATED_PANEL,rectangularity,0.2828345745351864,0.2828345745351864
POSSIBLE_UNANNOTATED_PANEL,center_y_norm,0.24794590941398137,0.24794590941398137
POSSIBLE_UNANNOTATED_PANEL,bbox_width,-0.24019730656503113,0.24019730656503113
POSSIBLE_UNANNOTATED_PANEL,bbox_height,-0.2051564526425633,0.2051564526425633
POSSIBLE_UNANNOTATED_PANEL,aspect_ratio,0.11702636242143839,0.11702636242143839
POSSIBLE_UNANNOTATED_PANEL,score,0.11030749697761469,0.11030749697761469
POSSIBLE_UNANNOTATED_PANEL,bbox_area_px,-0.07894819942481941,0.07894819942481941
POSSIBLE_UNANNOTATED_PANEL,edge_distance_norm,0.07296807370437697,0.07296807370437697
POSSIBLE_UNANNOTATED_PANEL,mask_area_px,-0.028334999394079612,0.028334999394079612
POSSIBLE_UNANNOTATED_PANEL,relative_mask_area,-0.02833499939407946,0.02833499939407946
POSSIBLE_UNANNOTATED_PANEL,center_x_norm,0.02254265272605587,0.02254265272605587
TRUE_BACKGROUND,edge_distance_norm,-0.7352925125707495,0.7352925125707495
TRUE_BACKGROUND,solidity,0.5533343519719777,0.5533343519719777
TRUE_BACKGROUND,score,-0.49324994849813003,0.49324994849813003
TRUE_BACKGROUND,center_y_norm,-0.4472057046584791,0.4472057046584791
TRUE_BACKGROUND,compactness,-0.34264732617338656,0.34264732617338656
TRUE_BACKGROUND,neighbor_count_100px,0.3069164720394213,0.3069164720394213
TRUE_BACKGROUND,bbox_width,0.23165582875851212,0.23165582875851212
TRUE_BACKGROUND,bbox_area_px,0.2265233880027157,0.2265233880027157
TRUE_BACKGROUND,mask_area_px,0.18609365366091576,0.18609365366091576
TRUE_BACKGROUND,relative_mask_area,0.1860936536609155,0.1860936536609155
TRUE_BACKGROUND,rectangularity,0.15868595333490848,0.15868595333490848
TRUE_BACKGROUND,aspect_ratio,-0.1324955269453858,0.1324955269453858
TRUE_BACKGROUND,bbox_height,0.10993637371562888,0.10993637371562888
TRUE_BACKGROUND,center_x_norm,-0.007436999943113631,0.007436999943113631
