model,true_label,predicted_label
LogisticRegression,TRUE_BACKGROUND,DUPLICATE
LogisticRegression,OVER_SEGMENTATION,TRUE_BACKGROUND
LogisticRegression,OVER_SEGMENTATION,OVER_SEGMENTATION
LogisticRegression,POSSIBLE_UNANNOTATED_PANEL,OVER_SEGMENTATION
LogisticRegression,TRUE_BACKGROUND,TRUE_BACKGROUND
LogisticRegression,TRUE_BACKGROUND,OVER_SEGMENTATION
LogisticRegression,TRUE_BACKGROUND,TRUE_BACKGROUND
LogisticRegression,POSSIBLE_UNANNOTATED_PANEL,TRUE_BACKGROUND
LogisticRegression,POSSIBLE_UNANNOTATED_PANEL,POSSIBLE_UNANNOTATED_PANEL
LogisticRegression,DUPLICATE,TRUE_BACKGROUND
LogisticRegression,TRUE_BACKGROUND,TRUE_BACKGROUND
LogisticRegression,DUPLICATE,TRUE_BACKGROUND
LogisticRegression,DUPLICATE,OVER_SEGMENTATION
LogisticRegression,TRUE_BACKGROUND,TRUE_BACKGROUND
LogisticRegression,TRUE_BACKGROUND,TRUE_BACKGROUND
LogisticRegression,POSSIBLE_UNANNOTATED_PANEL,POSSIBLE_UNANNOTATED_PANEL
LogisticRegression,POSSIBLE_UNANNOTATED_PANEL,OVER_SEGMENTATION
LogisticRegression,DUPLICATE,DUPLICATE
LogisticRegression,OVER_SEGMENTATION,OVER_SEGMENTATION
LogisticRegression,TRUE_BACKGROUND,DUPLICATE
LogisticRegression,TRUE_BACKGROUND,TRUE_BACKGROUND
LogisticRegression,POSSIBLE_UNANNOTATED_PANEL,TRUE_BACKGROUND
LogisticRegression,POSSIBLE_UNANNOTATED_PANEL,DUPLICATE
LogisticRegression,TRUE_BACKGROUND,TRUE_BACKGROUND
LogisticRegression,DUPLICATE,OVER_SEGMENTATION
LogisticRegression,TRUE_BACKGROUND,POSSIBLE_UNANNOTATED_PANEL
LogisticRegression,OVER_SEGMENTATION,OVER_SEGMENTATION
LogisticRegression,TRUE_BACKGROUND,TRUE_BACKGROUND
LogisticRegression,POSSIBLE_UNANNOTATED_PANEL,DUPLICATE
LogisticRegression,POSSIBLE_UNANNOTATED_PANEL,DUPLICATE
LogisticRegression,OVER_SEGMENTATION,DUPLICATE
LogisticRegression,TRUE_BACKGROUND,POSSIBLE_UNANNOTATED_PANEL
LogisticRegression,TRUE_BACKGROUND,TRUE_BACKGROUND
LogisticRegression,POSSIBLE_UNANNOTATED_PANEL,DUPLICATE
LogisticRegression,DUPLICATE,POSSIBLE_UNANNOTATED_PANEL
LogisticRegression,POSSIBLE_UNANNOTATED_PANEL,POSSIBLE_UNANNOTATED_PANEL
LogisticRegression,DUPLICATE,POSSIBLE_UNANNOTATED_PANEL
LogisticRegression,OVER_SEGMENTATION,TRUE_BACKGROUND
LogisticRegression,DUPLICATE,OVER_SEGMENTATION
LogisticRegression,POSSIBLE_UNANNOTATED_PANEL,OVER_SEGMENTATION
LogisticRegression,TRUE_BACKGROUND,TRUE_BACKGROUND
LogisticRegression,OVER_SEGMENTATION,POSSIBLE_UNANNOTATED_PANEL
LogisticRegression,TRUE_BACKGROUND,DUPLICATE
LogisticRegression,POSSIBLE_UNANNOTATED_PANEL,DUPLICATE
LogisticRegression,TRUE_BACKGROUND,POSSIBLE_UNANNOTATED_PANEL
LogisticRegression,TRUE_BACKGROUND,DUPLICATE
LogisticRegression,OVER_SEGMENTATION,OVER_SEGMENTATION
LogisticRegression,OVER_SEGMENTATION,OVER_SEGMENTATION
LogisticRegression,DUPLICATE,POSSIBLE_UNANNOTATED_PANEL
LogisticRegression,TRUE_BACKGROUND,OVER_SEGMENTATION
LogisticRegression,POSSIBLE_UNANNOTATED_PANEL,TRUE_BACKGROUND
LogisticRegression,DUPLICATE,TRUE_BACKGROUND
LogisticRegression,POSSIBLE_UNANNOTATED_PANEL,TRUE_BACKGROUND
LogisticRegression,TRUE_BACKGROUND,TRUE_BACKGROUND
LogisticRegression,POSSIBLE_UNANNOTATED_PANEL,DUPLICATE
LogisticRegression,TRUE_BACKGROUND,POSSIBLE_UNANNOTATED_PANEL
LogisticRegression,TRUE_BACKGROUND,DUPLICATE
RandomForest,TRUE_BACKGROUND,TRUE_BACKGROUND
RandomForest,OVER_SEGMENTATION,TRUE_BACKGROUND
RandomForest,OVER_SEGMENTATION,POSSIBLE_UNANNOTATED_PANEL
RandomForest,POSSIBLE_UNANNOTATED_PANEL,POSSIBLE_UNANNOTATED_PANEL
RandomForest,TRUE_BACKGROUND,OVER_SEGMENTATION
RandomForest,TRUE_BACKGROUND,POSSIBLE_UNANNOTATED_PANEL
RandomForest,TRUE_BACKGROUND,TRUE_BACKGROUND
RandomForest,POSSIBLE_UNANNOTATED_PANEL,TRUE_BACKGROUND
RandomForest,POSSIBLE_UNANNOTATED_PANEL,TRUE_BACKGROUND
RandomForest,DUPLICATE,TRUE_BACKGROUND
RandomForest,TRUE_BACKGROUND,POSSIBLE_UNANNOTATED_PANEL
RandomForest,DUPLICATE,TRUE_BACKGROUND
RandomForest,DUPLICATE,OVER_SEGMENTATION
RandomForest,TRUE_BACKGROUND,DUPLICATE
RandomForest,TRUE_BACKGROUND,TRUE_BACKGROUND
RandomForest,POSSIBLE_UNANNOTATED_PANEL,TRUE_BACKGROUND
RandomForest,POSSIBLE_UNANNOTATED_PANEL,TRUE_BACKGROUND
RandomForest,DUPLICATE,TRUE_BACKGROUND
RandomForest,OVER_SEGMENTATION,TRUE_BACKGROUND
RandomForest,TRUE_BACKGROUND,POSSIBLE_UNANNOTATED_PANEL
RandomForest,TRUE_BACKGROUND,TRUE_BACKGROUND
RandomForest,POSSIBLE_UNANNOTATED_PANEL,POSSIBLE_UNANNOTATED_PANEL
RandomForest,POSSIBLE_UNANNOTATED_PANEL,TRUE_BACKGROUND
RandomForest,TRUE_BACKGROUND,TRUE_BACKGROUND
RandomForest,DUPLICATE,OVER_SEGMENTATION
RandomForest,TRUE_BACKGROUND,DUPLICATE
RandomForest,OVER_SEGMENTATION,POSSIBLE_UNANNOTATED_PANEL
RandomForest,TRUE_BACKGROUND,TRUE_BACKGROUND
RandomForest,POSSIBLE_UNANNOTATED_PANEL,DUPLICATE
RandomForest,POSSIBLE_UNANNOTATED_PANEL,POSSIBLE_UNANNOTATED_PANEL
RandomForest,OVER_SEGMENTATION,DUPLICATE
RandomForest,TRUE_BACKGROUND,POSSIBLE_UNANNOTATED_PANEL
RandomForest,TRUE_BACKGROUND,TRUE_BACKGROUND
RandomForest,POSSIBLE_UNANNOTATED_PANEL,TRUE_BACKGROUND
RandomForest,DUPLICATE,POSSIBLE_UNANNOTATED_PANEL
RandomForest,POSSIBLE_UNANNOTATED_PANEL,TRUE_BACKGROUND
RandomForest,DUPLICATE,TRUE_BACKGROUND
RandomForest,OVER_SEGMENTATION,TRUE_BACKGROUND
RandomForest,DUPLICATE,TRUE_BACKGROUND
RandomForest,POSSIBLE_UNANNOTATED_PANEL,OVER_SEGMENTATION
RandomForest,TRUE_BACKGROUND,TRUE_BACKGROUND
RandomForest,OVER_SEGMENTATION,DUPLICATE
RandomForest,TRUE_BACKGROUND,TRUE_BACKGROUND
RandomForest,POSSIBLE_UNANNOTATED_PANEL,DUPLICATE
RandomForest,TRUE_BACKGROUND,TRUE_BACKGROUND
RandomForest,TRUE_BACKGROUND,DUPLICATE
RandomForest,OVER_SEGMENTATION,DUPLICATE
RandomForest,OVER_SEGMENTATION,POSSIBLE_UNANNOTATED_PANEL
RandomForest,DUPLICATE,TRUE_BACKGROUND
RandomForest,TRUE_BACKGROUND,POSSIBLE_UNANNOTATED_PANEL
RandomForest,POSSIBLE_UNANNOTATED_PANEL,TRUE_BACKGROUND
RandomForest,DUPLICATE,TRUE_BACKGROUND
RandomForest,POSSIBLE_UNANNOTATED_PANEL,TRUE_BACKGROUND
RandomForest,TRUE_BACKGROUND,DUPLICATE
RandomForest,POSSIBLE_UNANNOTATED_PANEL,TRUE_BACKGROUND
RandomForest,TRUE_BACKGROUND,POSSIBLE_UNANNOTATED_PANEL
RandomForest,TRUE_BACKGROUND,DUPLICATE
