filename,prediction_index,score,bbox_x1,bbox_y1,bbox_x2,bbox_y2,max_iou_with_GT,max_iou_with_matched_prediction,diagnostic_category
1012.0_1.0.png,13,0.8128117322921753,99.44392395019531,530.7595825195312,193.4353790283203,567.1145629882812,0.36453985291194596,0.3651685393258427,DUPLICATE_LIKE
1012.0_1.0.png,15,0.6358925700187683,131.89077758789062,369.9646301269531,207.31028747558594,396.2620544433594,0.0,0.0,BACKGROUND_LIKE
1913.0_1.0.png,15,0.6767968535423279,292.0860900878906,535.0820922851562,329.857666015625,564.6542358398438,0.0,0.0,BACKGROUND_LIKE
1925.0_1.0.png,3,0.9140943288803101,389.7858581542969,65.85604095458984,418.2178649902344,103.3475112915039,0.0,0.0,BACKGROUND_LIKE
200.0_1.0.png,3,0.9888916015625,347.6643981933594,533.3539428710938,387.0141296386719,570.4108276367188,0.0269933231144943,0.0,BACKGROUND_LIKE
200.0_1.0.png,4,0.9866652488708496,386.9726257324219,392.7587890625,436.3504333496094,432.865234375,0.037305861234683525,0.0,BACKGROUND_LIKE
200.0_1.0.png,5,0.9830811619758606,305.01116943359375,358.79351806640625,351.7515869140625,397.0511779785156,0.02856401608509534,0.0,BACKGROUND_LIKE
200.0_1.0.png,8,0.9828690886497498,572.6871337890625,580.626220703125,624.3079223632812,627.850830078125,0.17793317793317792,0.0,AMBIGUOUS
200.0_1.0.png,9,0.9802036285400391,289.44390869140625,255.9982452392578,337.3261413574219,293.2977600097656,0.03470433674133042,0.0,BACKGROUND_LIKE
200.0_1.0.png,10,0.9710386991500854,146.4469451904297,453.4755859375,180.8159637451172,485.78057861328125,0.1282051282051282,0.0,AMBIGUOUS
200.0_1.0.png,11,0.9372208118438721,354.6549987792969,269.8345642089844,390.4422302246094,310.9533386230469,0.02578110772912927,0.0,BACKGROUND_LIKE
200.0_1.0.png,12,0.936590850353241,106.65046691894531,259.1060485839844,143.08511352539062,297.5770568847656,0.1431998800419853,0.0,AMBIGUOUS
200.0_1.0.png,13,0.9335710406303406,329.3771057128906,434.83184814453125,369.30908203125,471.98291015625,0.026925778506204635,0.0,BACKGROUND_LIKE
200.0_1.0.png,14,0.9221037030220032,63.853694915771484,299.31268310546875,101.93087005615234,328.6570739746094,0.12475633528265107,0.0,AMBIGUOUS
200.0_1.0.png,15,0.8981233835220337,297.44482421875,307.7035217285156,351.63330078125,362.3582458496094,0.054707379134860054,0.0,BACKGROUND_LIKE
200.0_1.0.png,16,0.8950138688087463,569.3837280273438,541.6217651367188,628.0101928710938,577.1502075195312,0.12443413933973722,0.0,AMBIGUOUS
200.0_1.0.png,17,0.8714022636413574,137.34561157226562,407.0328369140625,173.78384399414062,435.82861328125,0.11562350692785475,0.0,AMBIGUOUS
200.0_1.0.png,18,0.836952805519104,405.49774169921875,443.9882507324219,447.1152038574219,481.301513671875,0.03140040063477197,0.0,BACKGROUND_LIKE
200.0_1.0.png,19,0.8076937794685364,552.3941040039062,473.0579528808594,607.6958618164062,507.70123291015625,0.09483423284502698,0.0,BACKGROUND_LIKE
200.0_1.0.png,20,0.6277491450309753,37.8841438293457,391.4379577636719,74.76268768310547,427.926513671875,0.0,0.0,BACKGROUND_LIKE
200.0_1.0.png,21,0.591724157333374,412.4937438964844,598.5786743164062,470.24981689453125,630.3359985351562,0.0,0.0,BACKGROUND_LIKE
200.0_1.0.png,22,0.5493301153182983,288.2099914550781,263.5624694824219,355.1578063964844,392.90313720703125,0.11467592712571592,0.0,AMBIGUOUS
206.0_1.0.png,6,0.6848265528678894,625.7445678710938,147.24949645996094,640.0,177.5547637939453,0.0,0.0,BACKGROUND_LIKE
222.0_1.0.png,11,0.9526908993721008,507.8440856933594,330.0332946777344,554.2008666992188,367.3468933105469,0.4303728070175439,0.4968494013862634,DUPLICATE_LIKE
222.0_1.0.png,13,0.9335158467292786,469.4668884277344,325.3933410644531,503.8994140625,369.91888427734375,0.3913759956056029,0.37283582089552236,DUPLICATE_LIKE
23.0_1.0.png,5,0.6171936392784119,284.8543395996094,519.4868774414062,316.4887390136719,568.917724609375,0.40194610778443113,0.3675658108547286,DUPLICATE_LIKE
2305.0_1.0.png,11,0.923711359500885,378.51263427734375,498.25054931640625,427.663818359375,539.4063110351562,0.0,0.0,BACKGROUND_LIKE
2305.0_1.0.png,13,0.8462753295898438,156.64520263671875,500.44000244140625,196.18954467773438,537.523681640625,0.0,0.0,BACKGROUND_LIKE
2305.0_1.0.png,15,0.7128386497497559,156.57943725585938,353.4632568359375,216.6356964111328,388.5359802246094,0.0,0.0,BACKGROUND_LIKE
2305.0_1.0.png,16,0.5795732736587524,215.93508911132812,478.212646484375,254.7742462158203,523.1409912109375,0.0,0.0,BACKGROUND_LIKE
2488.0_1.0.png,12,0.967430830001831,488.81182861328125,316.7326354980469,553.9152221679688,368.8193054199219,0.4413854351687389,0.0,AMBIGUOUS
2489.0_1.0.png,3,0.9841910600662231,261.984619140625,378.6116943359375,304.197509765625,430.9935607910156,0.4336618650492798,0.0,AMBIGUOUS
2489.0_1.0.png,10,0.9704543948173523,419.5669860839844,125.4480209350586,459.8876037597656,175.14712524414062,0.0,0.0,BACKGROUND_LIKE
2489.0_1.0.png,16,0.9487816095352173,68.01641082763672,395.2282409667969,98.96833801269531,431.67462158203125,0.0,0.0,BACKGROUND_LIKE
2489.0_1.0.png,18,0.8638020753860474,276.3576354980469,334.01953125,308.0694274902344,375.1416931152344,0.0,0.0,BACKGROUND_LIKE
2489.0_1.0.png,19,0.7623149156570435,177.62110900878906,322.0132751464844,221.28591918945312,363.9316711425781,0.013815971262779773,0.0,BACKGROUND_LIKE
461.0_1.0.png,1,0.9896457195281982,322.39874267578125,421.059814453125,381.5343322753906,470.09869384765625,0.0,0.0,BACKGROUND_LIKE
461.0_1.0.png,2,0.9837533235549927,88.84261322021484,175.6385040283203,141.18319702148438,213.4986114501953,0.0,0.0,BACKGROUND_LIKE
461.0_1.0.png,4,0.9716282486915588,288.4604187011719,300.6867980957031,326.8790283203125,340.2306823730469,0.0,0.0,BACKGROUND_LIKE
461.0_1.0.png,7,0.797252357006073,118.76927947998047,372.3550720214844,166.07395935058594,416.678955078125,0.4211756847027388,0.4265279583875163,DUPLICATE_LIKE
461.0_1.0.png,8,0.752259373664856,107.5275650024414,492.53302001953125,147.3706817626953,531.1944580078125,0.1717930793428871,0.25723221266614543,AMBIGUOUS
461.0_1.0.png,9,0.6269139647483826,76.44890594482422,388.40777587890625,113.26485443115234,426.491455078125,0.3242599523647499,0.31150211795373084,DUPLICATE_LIKE
49.0_1.0.png,7,0.9715661406517029,355.47052001953125,521.2291259765625,411.4549865722656,579.7621459960938,0.0,0.0,BACKGROUND_LIKE
49.0_1.0.png,9,0.7121321558952332,520.1102294921875,479.1546936035156,559.6957397460938,520.7304077148438,0.0,0.0,BACKGROUND_LIKE
527.0_1.0.png,6,0.9762763977050781,555.0387573242188,263.5675048828125,604.7774047851562,319.3616943359375,0.5552346570397112,0.32165832737669764,DUPLICATE_LIKE
527.0_1.0.png,7,0.9729388952255249,411.9738464355469,223.3324737548828,445.3623046875,283.4515686035156,0.4070262597586941,0.0,AMBIGUOUS
527.0_1.0.png,9,0.9614312648773193,474.803466796875,286.2491455078125,524.9545288085938,357.0522766113281,0.48596491228070177,0.0,AMBIGUOUS
527.0_1.0.png,12,0.8335992693901062,437.5760192871094,224.32180786132812,466.8121643066406,277.0146179199219,0.34176764076977906,0.0,AMBIGUOUS
562.0_1.0.png,4,0.9432470202445984,263.4067077636719,420.4032287597656,291.5538330078125,445.5790100097656,0.0,0.0,BACKGROUND_LIKE
562.0_1.0.png,5,0.9326216578483582,311.5961608886719,414.788330078125,343.4677734375,439.661376953125,0.0,0.0,BACKGROUND_LIKE
562.0_1.0.png,6,0.920695424079895,306.8623352050781,220.8160858154297,348.3132019042969,252.6260986328125,0.0,0.0,BACKGROUND_LIKE
562.0_1.0.png,7,0.8757080435752869,238.3494110107422,285.2210388183594,274.22393798828125,305.3162536621094,0.0,0.0,BACKGROUND_LIKE
562.0_1.0.png,8,0.8398294448852539,333.7406311035156,609.1910400390625,368.9745178222656,639.7182006835938,0.0,0.0,BACKGROUND_LIKE
562.0_1.0.png,9,0.7413270473480225,326.5382995605469,564.181640625,363.8288879394531,583.8375854492188,0.0,0.0,BACKGROUND_LIKE
562.0_1.0.png,10,0.7274288535118103,128.8511505126953,389.29998779296875,200.9342041015625,420.4023132324219,0.0,0.0,BACKGROUND_LIKE
562.0_1.0.png,11,0.6095343232154846,294.4860534667969,338.3144836425781,338.27392578125,360.6352844238281,0.0,0.0,BACKGROUND_LIKE
660.0_1.0.png,9,0.9620862603187561,95.95654296875,587.9771118164062,126.05928039550781,624.028564453125,0.0,0.0,BACKGROUND_LIKE
779.0_1.0.png,4,0.9827706813812256,115.24456024169922,46.46342468261719,162.54031372070312,92.82161712646484,0.35884636716583473,0.0,AMBIGUOUS
779.0_1.0.png,31,0.5875887870788574,379.8765563964844,524.3961181640625,418.852783203125,545.1537475585938,0.30554143365531267,0.005268703898840885,AMBIGUOUS
779.0_1.0.png,33,0.5164793729782104,299.807373046875,355.6452941894531,393.0519714355469,386.2065124511719,0.49750996015936255,0.5935231714126187,DUPLICATE_LIKE
779.0_1.0.png,34,0.5080662369728088,1.9705963134765625,110.75017547607422,87.3153076171875,227.23277282714844,0.3252257676098736,0.2760175481355106,AMBIGUOUS
879.0_1.0.png,1,0.9459820985794067,269.400634765625,318.7570495605469,367.6825256347656,484.9322814941406,0.12434362528880487,0.09910288758059994,AMBIGUOUS
879.0_1.0.png,7,0.5376588106155396,271.3706359863281,331.33636474609375,362.4307556152344,393.7654724121094,0.2861743731308949,0.3242682645770915,DUPLICATE_LIKE
