candidate_id,filename,label,score,bbox_x1,bbox_y1,bbox_x2,bbox_y2,mask_area_px,bbox_width,bbox_height,bbox_area_px,aspect_ratio,rectangularity
1,562.0_1.0.png,TP,0.995278000831604,148.44674682617188,428.1398620605469,197.2964324951172,476.4372253417969,2029.0,48.84968566894531,48.29736328125,2359.3110149279237,1.0114358704113715,0.85999683261852
2,562.0_1.0.png,TP,0.9915204644203186,356.2842712402344,27.81342124938965,384.33416748046875,77.41252136230469,1124.0,28.049896240234375,49.599098205566406,1391.2495582753327,1.768245336124351,0.8079068153619905
3,562.0_1.0.png,TP,0.986255943775177,239.22891235351562,228.699951171875,283.36578369140625,280.5044860839844,1852.0,44.136871337890625,51.804534912109375,2286.4900921350345,1.1737246737658138,0.8099750820571784
4,562.0_1.0.png,TP,0.9599803686141968,244.0324249267578,10.67112922668457,270.5422058105469,56.68526077270508,1015.0,26.509780883789062,46.014129638671875,1219.8244942794554,1.7357416057259785,0.8320869147651898
5,562.0_1.0.png,FP,0.9432470202445984,263.4067077636719,420.4032287597656,291.5538330078125,445.5790100097656,584.0,28.147125244140625,25.17578125,708.6258679628372,1.118023904189294,0.8241302306376247
6,562.0_1.0.png,FP,0.9326216578483582,311.5961608886719,414.788330078125,343.4677734375,439.661376953125,635.0,31.871612548828125,24.873046875,792.7441129088402,1.2813714664310953,0.8010150938491049
7,562.0_1.0.png,FP,0.920695424079895,306.8623352050781,220.8160858154297,348.3132019042969,252.6260986328125,1123.0,41.45086669921875,31.810012817382812,1318.5526009937748,1.3030760766172222,0.8516914677151374
8,562.0_1.0.png,FP,0.8757080435752869,238.3494110107422,285.2210388183594,274.22393798828125,305.3162536621094,602.0,35.87452697753906,20.09521484375,720.9063270315528,1.7852273417567732,0.8350599480501598
9,562.0_1.0.png,FP,0.8398294448852539,333.7406311035156,609.1910400390625,368.9745178222656,639.7182006835938,876.0,35.23388671875,30.52716064453125,1075.5905199944973,1.1541815869816878,0.814436334009788
10,562.0_1.0.png,FP,0.7413270473480225,326.5382995605469,564.181640625,363.8288879394531,583.8375854492188,582.0,37.29058837890625,19.65594482421875,732.9817476384342,1.8971659064162238,0.7940170432280524
11,562.0_1.0.png,FP,0.7274288535118103,128.8511505126953,389.29998779296875,200.9342041015625,420.4023132324219,1619.0,72.08305358886719,31.102325439453125,2241.950591390487,2.317609779024119,0.7221390186818859
12,562.0_1.0.png,FP,0.6095343232154846,294.4860534667969,338.3144836425781,338.27392578125,360.6352844238281,761.0,43.787872314453125,22.32080078125,977.3803745657206,1.9617518539583927,0.7786119097573809
13,200.0_1.0.png,TP,0.9970743656158447,553.6407470703125,316.5507507324219,628.7174682617188,459.7301330566406,4986.0,75.07672119140625,143.17938232421875,10749.438567113131,1.9071075568042781,0.4638381780471945
14,200.0_1.0.png,TP,0.9928805828094482,295.0469665527344,82.24482727050781,332.8217468261719,131.6605682373047,1331.0,37.7747802734375,49.415740966796875,1866.668757069856,1.3081675289464245,0.7130349157872525
15,200.0_1.0.png,TP,0.9895461201667786,20.13184356689453,227.9464569091797,48.03817367553711,278.9436950683594,963.0,27.906330108642578,50.99723815917969,1423.1457626991323,1.8274433779232715,0.6766699696126546
16,200.0_1.0.png,FP,0.9888916015625,347.6643981933594,533.3539428710938,387.0141296386719,570.4108276367188,1091.0,39.3497314453125,37.056884765625,1458.1784637272358,1.0618737029350727,0.7481937411222667
17,200.0_1.0.png,FP,0.9866652488708496,386.9726257324219,392.7587890625,436.3504333496094,432.865234375,1434.0,49.3778076171875,40.1064453125,1980.3683408498764,1.2311688865080719,0.7241077179534177
18,200.0_1.0.png,FP,0.9830811619758606,305.01116943359375,358.79351806640625,351.7515869140625,397.0511779785156,1207.0,46.74041748046875,38.257659912109375,1788.1789961177856,1.2217270368299342,0.6749883555396018
19,200.0_1.0.png,TP,0.9828993082046509,603.6470947265625,53.3699951171875,638.9669189453125,92.09261322021484,940.0,35.31982421875,38.722618103027344,1367.6760646887124,1.0963423221815165,0.6872972513516548
20,200.0_1.0.png,TP,0.9828822612762451,95.87139892578125,560.13525390625,148.83636474609375,589.18603515625,979.0,52.9649658203125,29.05078125,1538.6736359596252,1.8231855923087266,0.6362622827351082
21,200.0_1.0.png,FP,0.9828690886497498,572.6871337890625,580.626220703125,624.3079223632812,627.850830078125,1603.0,51.62078857421875,47.224609375,2437.7715760469437,1.0930908536333181,0.6575677621934547
22,200.0_1.0.png,FP,0.9802036285400391,289.44390869140625,255.9982452392578,337.3261413574219,293.2977600097656,1334.0,47.882232666015625,37.29951477050781,1785.9840445709415,1.2837226693328305,0.7469271654778279
23,200.0_1.0.png,FP,0.9710386991500854,146.4469451904297,453.4755859375,180.8159637451172,485.78057861328125,805.0,34.3690185546875,32.30499267578125,1110.2908926829696,1.0638918541050664,0.7250352185225555
24,200.0_1.0.png,FP,0.9372208118438721,354.6549987792969,269.8345642089844,390.4422302246094,310.9533386230469,991.0,35.7872314453125,41.1187744140625,1471.5270967036486,1.1489789165975939,0.6734500521396637
25,200.0_1.0.png,FP,0.936590850353241,106.65046691894531,259.1060485839844,143.08511352539062,297.5770568847656,955.0,36.43464660644531,38.47100830078125,1401.677592032589,1.055890804056151,0.681326437283729
26,200.0_1.0.png,FP,0.9335710406303406,329.3771057128906,434.83184814453125,369.30908203125,471.98291015625,1035.0,39.931976318359375,37.15106201171875,1483.5153284538537,1.0748542344701593,0.6976672098688024
27,200.0_1.0.png,FP,0.9221037030220032,63.853694915771484,299.31268310546875,101.93087005615234,328.6570739746094,832.0,38.07717514038086,29.344390869140625,1117.3515105120605,1.2975963723419413,0.7446179578874964
28,200.0_1.0.png,FP,0.8981233835220337,297.44482421875,307.7035217285156,351.63330078125,362.3582458496094,2182.0,54.1884765625,54.65472412109375,2961.656237065792,1.0086041828110075,0.7367499214432048
29,200.0_1.0.png,FP,0.8950138688087463,569.3837280273438,541.6217651367188,628.0101928710938,577.1502075195312,1175.0,58.62646484375,35.5284423828125,2082.9069783091545,1.6501276417373019,0.5641154464583109
30,200.0_1.0.png,FP,0.8714022636413574,137.34561157226562,407.0328369140625,173.78384399414062,435.82861328125,726.0,36.438232421875,28.7957763671875,1049.2671920359135,1.2654019796943556,0.6919114649828402
31,200.0_1.0.png,FP,0.836952805519104,405.49774169921875,443.9882507324219,447.1152038574219,481.301513671875,1207.0,41.617462158203125,37.313262939453125,1552.8833083817735,1.1153530642906857,0.7772638120875862
32,200.0_1.0.png,FP,0.8076937794685364,552.3941040039062,473.0579528808594,607.6958618164062,507.70123291015625,931.0,55.3017578125,34.643280029296875,1915.8342820107937,1.5963199144461153,0.4859501725915743
33,200.0_1.0.png,FP,0.6277491450309753,37.8841438293457,391.4379577636719,74.76268768310547,427.926513671875,1067.0,36.878543853759766,36.488555908203125,1345.644809221034,1.0106879523140835,0.79292841074285
34,200.0_1.0.png,FP,0.591724157333374,412.4937438964844,598.5786743164062,470.24981689453125,630.3359985351562,1184.0,57.756072998046875,31.75732421875,1834.178335800767,1.8186693752978982,0.6455206546113131
35,200.0_1.0.png,FP,0.5493301153182983,288.2099914550781,263.5624694824219,355.1578063964844,392.90313720703125,4573.0,66.94781494140625,129.34066772460938,8659.075087225065,1.9319624970256355,0.5281164505371542
36,1262.0_1.0.png,TP,0.9972484707832336,277.7912902832031,193.12403869628906,354.3341064453125,246.86672973632812,2123.0,76.54281616210938,53.74269104003906,4113.616920334753,1.4242460636197747,0.5160908371184055
37,1262.0_1.0.png,TP,0.9958847165107727,236.1641082763672,308.21124267578125,313.691162109375,374.15087890625,2919.0,77.52705383300781,65.93963623046875,5112.105727768503,1.1757276543358433,0.5709975801447634
38,1262.0_1.0.png,TP,0.990032434463501,39.3339729309082,428.59600830078125,92.42510986328125,471.7743225097656,1883.0,53.09113693237305,43.178314208984375,2292.3857921782183,1.2295787342555873,0.8214149670727016
39,1262.0_1.0.png,TP,0.9896726608276367,386.7221374511719,15.842676162719727,438.3186950683594,81.26596069335938,1962.0,51.5965576171875,65.42328643798828,3375.616368203424,1.2679777384256137,0.5812271851982453
40,1262.0_1.0.png,TP,0.9893544912338257,297.55413818359375,269.7056884765625,348.28070068359375,329.17669677734375,1818.0,50.7265625,59.47100830078125,3016.759819507599,1.1723839615740028,0.6026333247493124
41,1262.0_1.0.png,TP,0.9682618379592896,1.193426489830017,383.7537841796875,28.952341079711914,444.5783386230469,1436.0,27.758914947509766,60.824554443359375,1688.42363351339,2.191171901292774,0.8504974530662489
42,1262.0_1.0.png,TP,0.963782548904419,0.878009021282196,450.3768005371094,30.969877243041992,517.7062377929688,1427.0,30.091867446899414,67.32943725585938,2026.0685011776513,2.237462908364526,0.7043197202713318
43,879.0_1.0.png,TP,0.9483708143234253,281.6115417480469,467.5096130371094,358.74957275390625,485.2950744628906,1234.0,77.13803100585938,17.78546142578125,1371.93547491543,4.337139709743066,0.8994592111382406
44,879.0_1.0.png,FP,0.9459820985794067,269.400634765625,318.7570495605469,367.6825256347656,484.9322814941406,14268.0,98.28189086914062,166.17523193359375,16332.016010051593,1.6908021453804858,0.8736214801172564
45,879.0_1.0.png,TP,0.9225029349327087,279.26177978515625,439.3115234375,359.88116455078125,458.4015808105469,1283.0,80.619384765625,19.090057373046875,1539.0286805555224,4.223108563280222,0.8336426839926678
46,879.0_1.0.png,TP,0.9142600297927856,272.3949279785156,326.3318786621094,358.5492248535156,344.6510314941406,1371.0,86.154296875,18.31915283203125,1578.2737315893173,4.70296294075118,0.86867060672638
47,879.0_1.0.png,TP,0.9118266105651855,274.83087158203125,378.8815612792969,361.1468811035156,397.851318359375,1414.0,86.31600952148438,18.969757080078125,1637.393732744269,4.550190556321499,0.8635674924870627
48,879.0_1.0.png,TP,0.8536151051521301,280.151123046875,407.7301025390625,358.5323791503906,427.07696533203125,1258.0,78.38125610351562,19.34686279296875,1516.4314073752612,4.051367756223598,0.8295792304759955
49,879.0_1.0.png,TP,0.8488084673881531,273.1402893066406,350.8375549316406,359.115234375,369.342529296875,1407.0,85.97494506835938,18.504974365234375,1590.9641545424238,4.646045078013295,0.8843693907136874
50,879.0_1.0.png,FP,0.5376588106155396,271.3706359863281,331.33636474609375,362.4307556152344,393.7654724121094,4339.0,91.06011962890625,62.429107666015625,5684.802012393251,1.4586163895864304,0.7632631691553527
51,779.0_1.0.png,TP,0.9917469024658203,264.2249755859375,513.58740234375,323.71942138671875,552.1067504882812,1880.0,59.49444580078125,38.51934814453125,2291.6872704662383,1.5445340761621358,0.8203562607464842
52,779.0_1.0.png,TP,0.9897195100784302,514.9324951171875,72.76271057128906,541.6406860351562,121.47700500488281,1051.0,26.70819091796875,48.71429443359375,1301.0706761665642,1.8239458667647805,0.8077962398604164
53,779.0_1.0.png,TP,0.986024022102356,444.832275390625,1.626501441001892,492.7687072753906,39.28812789916992,1414.0,47.936431884765625,37.661624908447266,1805.3639170933748,1.2728190034629596,0.7832215912881053
54,779.0_1.0.png,TP,0.9858444929122925,420.34332275390625,486.2754821777344,461.911376953125,535.75439453125,1712.0,41.56805419921875,49.478912353515625,2056.7421104293317,1.1903110046090528,0.8323843768836099
55,779.0_1.0.png,FP,0.9827706813812256,115.24456024169922,46.46342468261719,162.54031372070312,92.82161712646484,1689.0,47.295753479003906,46.358192443847656,2192.5456415564404,1.0202242793718044,0.7703374415508247
56,779.0_1.0.png,TP,0.980695903301239,195.6430206298828,603.0534057617188,245.5373992919922,638.4979858398438,1607.0,49.894378662109375,35.444580078125,1768.485299937427,1.407673008176001,0.9086872251959681
57,779.0_1.0.png,TP,0.9802093505859375,177.98472595214844,512.2633666992188,243.3144989013672,542.6365966796875,1846.0,65.32977294921875,30.37322998046875,1984.2762183584273,2.1508997558451477,0.9303140273117712
58,779.0_1.0.png,TP,0.9787470698356628,170.62355041503906,195.5297088623047,231.7504425048828,244.0584259033203,2207.0,61.12689208984375,48.528717041015625,2966.4096498247236,1.2596024749259365,0.7439970403718196
59,779.0_1.0.png,TP,0.9746512770652771,554.9447631835938,463.497314453125,600.7738037109375,517.1317138671875,1989.0,45.82904052734375,53.6343994140625,2458.013064406812,1.1703146912286262,0.8091901661556066
60,779.0_1.0.png,TP,0.9731842875480652,455.7372741699219,285.6007385253906,538.3803100585938,332.1449279785156,3063.0,82.64303588867188,46.544189453125,3846.5531193837523,1.7755822339951217,0.7962973355456264
61,779.0_1.0.png,TP,0.9709063768386841,509.5530700683594,465.635009765625,548.7223510742188,498.2228088378906,1123.0,39.169281005859375,32.587799072265625,1276.4406592240557,1.2019615353279574,0.8797902134225873
62,779.0_1.0.png,TP,0.9577229022979736,15.915102005004883,409.9117736816406,50.402156829833984,441.0672302246094,989.0,34.48705291748047,31.15545654296875,1074.4598784656264,1.1069346029295661,0.9204624759114629
63,779.0_1.0.png,TP,0.953391432762146,290.33953857421875,95.49402618408203,323.8596496582031,146.2994384765625,1501.0,33.520111083984375,50.80541229248047,1703.0030637115706,1.5156695681940882,0.8813842041650121
64,779.0_1.0.png,TP,0.9421952962875366,19.747196197509766,569.740478515625,48.519309997558594,616.1596069335938,1140.0,28.772113800048828,46.41912841796875,1335.5764453408774,1.613337439875202,0.853564020222773
65,779.0_1.0.png,TP,0.9400140047073364,135.43167114257812,160.79396057128906,208.6607666015625,200.0397186279297,2118.0,73.22909545898438,39.245758056640625,2873.9313630899414,1.8659110967686752,0.7369695836169194
66,779.0_1.0.png,TP,0.9371206164360046,18.199798583984375,350.605224609375,56.379791259765625,383.7130432128906,1174.0,38.17999267578125,33.107818603515625,1264.0562717933208,1.1532016993631535,0.9287561212242889
67,779.0_1.0.png,TP,0.9365448355674744,582.92626953125,277.0217590332031,632.9523315429688,336.9774169921875,2701.0,50.02606201171875,59.955657958984375,2999.345463009551,1.1984884587745401,0.9005298100238875
68,779.0_1.0.png,TP,0.9274798035621643,251.54759216308594,305.5036315917969,297.5959167480469,341.0315246582031,1508.0,46.04832458496094,35.52789306640625,1635.9999517416582,1.2961175181114915,0.9217604183879152
69,779.0_1.0.png,TP,0.9264175295829773,374.3806457519531,491.3318786621094,418.038818359375,531.8233032226562,1269.0,43.658172607421875,40.491424560546875,1767.781602584757,1.0782078694746775,0.7178488553928467
70,779.0_1.0.png,TP,0.920055627822876,365.6789245605469,354.71282958984375,400.664794921875,386.1984558105469,976.0,34.985870361328125,31.485626220703125,1101.5520372027531,1.1111695894529625,0.8860225999657937
71,779.0_1.0.png,TP,0.8946434259414673,308.9140625,303.5930480957031,341.0196228027344,337.4632263183594,1011.0,32.105560302734375,33.87017822265625,1087.4210493918508,1.054963000280409,0.9297226686621618
72,779.0_1.0.png,TP,0.8852971196174622,330.7010192871094,512.6710815429688,368.4127502441406,548.7685546875,995.0,37.71173095703125,36.09747314453125,1361.2981954552233,1.0447194130746118,0.7309199434200881
73,779.0_1.0.png,TP,0.8820654153823853,361.17041015625,12.931584358215332,393.4299011230469,46.889015197753906,932.0,32.259490966796875,33.95743179321289,1095.4494641887723,1.0526338381521154,0.8507923281428471
74,779.0_1.0.png,TP,0.8708878755569458,373.2733459472656,87.59021759033203,414.3222351074219,120.59663391113281,1084.0,41.04888916015625,33.00641632080078,1354.8767251265235,1.2436639216202054,0.8000727888352883
75,779.0_1.0.png,TP,0.8666115403175354,317.1570739746094,359.19720458984375,365.1891784667969,386.8863220214844,1067.0,48.0321044921875,27.689117431640625,1329.9665817730129,1.7346925054859548,0.8022757974697039
76,779.0_1.0.png,TP,0.8375951647758484,150.04579162597656,471.0912780761719,188.51820373535156,504.5074768066406,1043.0,38.472412109375,33.41619873046875,1285.6017686873674,1.1513102498488559,0.8112932211231554
77,779.0_1.0.png,TP,0.8125590085983276,619.2320556640625,0.16434097290039062,639.9677734375,24.07782554626465,437.0,20.7357177734375,23.913484573364258,495.8632670927327,1.153250870534006,0.8812913337221961
78,779.0_1.0.png,TP,0.8122953176498413,0.27789002656936646,107.15856170654297,22.646503448486328,142.54454040527344,685.0,22.368614196777344,35.38597869873047,791.535305487283,1.581947741037464,0.8654067547603602
79,779.0_1.0.png,TP,0.8095207214355469,3.9619598388671875,138.0577850341797,70.55059814453125,168.30393981933594,1133.0,66.58863830566406,30.24615478515625,2014.0502611258999,2.2015571492857475,0.5625480266647503
80,779.0_1.0.png,TP,0.7064604163169861,270.8716735839844,360.2550964355469,310.1376953125,379.6676940917969,659.0,39.266021728515625,19.41259765625,762.255481377244,2.0227082652111577,0.8645395357594781
81,779.0_1.0.png,TP,0.6375755071640015,418.335205078125,94.61095428466797,445.4270935058594,132.99545288085938,895.0,27.091888427734375,38.384498596191406,1039.9085533225443,1.4168262466671246,0.860652599827594
82,779.0_1.0.png,FP,0.5875887870788574,379.8765563964844,524.3961181640625,418.852783203125,545.1537475585938,639.0,38.976226806640625,20.75762939453125,809.0540712494403,1.8776819869859127,0.7898112409386656
83,779.0_1.0.png,TP,0.542738139629364,8.87390422821045,178.55068969726562,80.46051025390625,220.7479248046875,2265.0,71.58660888671875,42.197235107421875,3020.756965735927,1.6964762905550586,0.7498120589281478
84,779.0_1.0.png,FP,0.5164793729782104,299.807373046875,355.6452941894531,393.0519714355469,386.2065124511719,1787.0,93.24459838867188,30.56121826171875,2849.6685230825096,3.0510759613752336,0.627090479304936
85,779.0_1.0.png,FP,0.5080662369728088,1.9705963134765625,110.75017547607422,87.3153076171875,227.23277282714844,8206.0,85.34471130371094,116.48259735107422,9941.173642833834,1.3648484548334203,0.8254558561015936
86,1012.0_1.0.png,TP,0.9980425834655762,420.290771484375,18.734121322631836,580.4673461914062,77.08174896240234,5745.0,160.17657470703125,58.347625732421875,9345.922832107171,2.745211526542482,0.614706552066053
87,1012.0_1.0.png,TP,0.9972648620605469,188.178466796875,111.02253723144531,294.954345703125,157.7013397216797,3178.0,106.77587890625,46.678802490234375,4984.170162186027,2.2874596864088037,0.6376186800584972
88,1012.0_1.0.png,TP,0.994890570640564,108.43641662597656,493.5346374511719,232.203369140625,543.283447265625,3804.0,123.76695251464844,49.748809814453125,6157.258581965696,2.48783745734338,0.6178074136989677
89,1012.0_1.0.png,TP,0.993502676486969,96.2567138671875,529.2013549804688,194.06350708007812,603.5963745117188,5141.0,97.80679321289062,74.39501953125,7276.338291361928,1.3146954437159115,0.706536693889441
90,1012.0_1.0.png,TP,0.9844954609870911,151.64547729492188,63.92327880859375,195.2712860107422,99.88465881347656,1163.0,43.62580871582031,35.96138000488281,1568.844285249943,1.2131294380220345,0.7413100273458401
91,1012.0_1.0.png,TP,0.9836748838424683,152.01239013671875,309.17718505859375,258.1897888183594,357.7413330078125,3360.0,106.17739868164062,48.56414794921875,5156.414898438379,2.186332987714833,0.651615524774311
92,1012.0_1.0.png,TP,0.9781540632247925,265.21942138671875,261.74859619140625,291.9429626464844,294.2289733886719,687.0,26.723541259765625,32.480377197265625,867.9907001638785,1.215421896429848,0.7914831344048882
93,1012.0_1.0.png,TP,0.9673147797584534,148.85765075683594,461.89166259765625,194.29934692382812,483.4513244628906,670.0,45.44169616699219,21.559661865234375,979.7076039430685,2.1077184072292123,0.683877513355438
94,1012.0_1.0.png,TP,0.9624173045158386,99.56109619140625,349.81396484375,131.99530029296875,382.50518798828125,928.0,32.4342041015625,32.69122314453125,1060.3138037994504,1.0079243209472302,0.8752125990199063
95,1012.0_1.0.png,TP,0.9578778743743896,156.2541961669922,272.0987243652344,205.38291931152344,310.1378479003906,1395.0,49.12872314453125,38.03912353515625,1868.8135688193142,1.2915314176239063,0.7464629020653666
96,1012.0_1.0.png,TP,0.9484681487083435,269.4855651855469,219.29910278320312,295.90570068359375,253.00413513183594,715.0,26.420135498046875,33.70503234863281,890.491521616932,1.275732758869631,0.8029273526397209
97,1012.0_1.0.png,TP,0.9400864839553833,83.33506774902344,437.7562561035156,129.42263793945312,462.0641784667969,733.0,46.08757019042969,24.30792236328125,1120.29307810124,1.895989690178049,0.6542930723470554
98,1012.0_1.0.png,TP,0.913726806640625,175.4391326904297,153.2332763671875,226.0505828857422,193.2132568359375,1485.0,50.6114501953125,39.97998046875,2023.4447903037071,1.265919832924193,0.733896969720192
99,1012.0_1.0.png,FP,0.8128117322921753,99.44392395019531,530.7595825195312,193.4353790283203,567.1145629882812,1906.0,93.991455078125,36.35498046875,3417.0575135946274,2.585380431132899,0.5577898506001303
100,1012.0_1.0.png,TP,0.7840088605880737,220.0730438232422,481.85235595703125,238.996337890625,513.4119262695312,500.0,18.923294067382812,31.5595703125,597.211029663682,1.6677630332288573,0.8372249927828256
101,1012.0_1.0.png,FP,0.6358925700187683,131.89077758789062,369.9646301269531,207.31028747558594,396.2620544433594,1154.0,75.41950988769531,26.29742431640625,1983.3388532521203,2.8679428441455053,0.5818471201266305
102,527.0_1.0.png,TP,0.9901956915855408,226.8917694091797,536.8646850585938,273.34735107421875,577.0209350585938,1272.0,46.45558166503906,40.15625,1865.4819512367249,1.156870516172179,0.6818613276621225
103,527.0_1.0.png,TP,0.9857811331748962,148.94325256347656,71.77296447753906,190.94931030273438,109.05976867675781,1085.0,42.00605773925781,37.28680419921875,1566.2716501047835,1.1265663186049595,0.6927278546651939
104,527.0_1.0.png,TP,0.985390305519104,4.37153959274292,488.0947265625,48.74691390991211,528.5121459960938,1178.0,44.37537384033203,40.41741943359375,1793.5380970272236,1.0979269449213906,0.6568023294027189
105,527.0_1.0.png,TP,0.983227014541626,565.549560546875,171.52354431152344,599.0490112304688,217.5776824951172,1058.0,33.49945068359375,46.05413818359375,1542.7883308567107,1.3747729363857486,0.6857713263960795
106,527.0_1.0.png,TP,0.9816614389419556,148.1637420654297,131.59619140625,187.71649169921875,169.2751922607422,1048.0,39.55274963378906,37.67900085449219,1490.3080872490536,1.0497292586534572,0.7032103019279012
107,527.0_1.0.png,TP,0.9810785055160522,0.0,362.4793701171875,34.52457809448242,404.82171630859375,1113.0,34.52457809448242,42.34234619140625,1461.8516377888154,1.2264406555680178,0.7613631720408471
108,527.0_1.0.png,FP,0.9762763977050781,555.0387573242188,263.5675048828125,604.7774047851562,319.3616943359375,1592.0,49.7386474609375,55.794189453125,2775.1275195777416,1.1217472187385724,0.5736673319582215
109,527.0_1.0.png,FP,0.9729388952255249,411.9738464355469,223.3324737548828,445.3623046875,283.4515686035156,1173.0,33.388458251953125,60.11909484863281,2007.2838884987868,1.8005951156824087,0.5843717506631643
110,527.0_1.0.png,TP,0.969102144241333,300.5203552246094,254.471435546875,334.9555969238281,301.0390319824219,1085.0,34.43524169921875,46.567596435546875,1603.5664386097342,1.3523237862623563,0.6766168048145714
111,527.0_1.0.png,FP,0.9614312648773193,474.803466796875,286.2491455078125,524.9545288085938,357.0522766113281,1898.0,50.15106201171875,70.80313110351562,3550.8522185962647,1.411797243435665,0.5345195697134149
112,527.0_1.0.png,TP,0.9493223428726196,177.7825469970703,172.51943969726562,209.46983337402344,207.66067504882812,738.0,31.687286376953125,35.1412353515625,1113.53038822487,1.1090010969548187,0.6627569465584857
113,527.0_1.0.png,TP,0.8608791828155518,540.4573974609375,267.1836242675781,587.3988037109375,325.1853942871094,2106.0,46.94140625,58.00177001953125,2722.684649705887,1.2356206311891487,0.7735012573812017
114,527.0_1.0.png,FP,0.8335992693901062,437.5760192871094,224.32180786132812,466.8121643066406,277.0146179199219,973.0,29.23614501953125,52.69281005859375,1540.5346363596618,1.8023173035772069,0.6315989118551943
115,2489.0_1.0.png,TP,0.9936240911483765,365.8278503417969,128.6559295654297,419.1070861816406,213.55894470214844,2318.0,53.27923583984375,84.90301513671875,4523.567766983062,1.593547914086745,0.5124273846229923
116,2489.0_1.0.png,TP,0.9923720359802246,0.9769927859306335,197.87698364257812,61.508216857910156,287.0537414550781,2602.0,60.53122329711914,89.1767578125,5397.978240061551,1.4732356783006595,0.4820323247487434
117,2489.0_1.0.png,TP,0.9853176474571228,287.9676208496094,149.2089080810547,340.0940856933594,206.07286071777344,1820.0,52.12646484375,56.86395263671875,2964.116827994585,1.0908845018968667,0.6140108860794622
118,2489.0_1.0.png,FP,0.9841910600662231,261.984619140625,378.6116943359375,304.197509765625,430.9935607910156,1277.0,42.212890625,52.381866455078125,2211.1899994015694,1.2408974054966917,0.577517083717638
119,2489.0_1.0.png,TP,0.9831320643424988,144.12078857421875,155.54898071289062,179.07911682128906,203.84707641601562,969.0,34.95832824707031,48.298095703125,1688.42068329826,1.381590542939439,0.5739091030957395
120,2489.0_1.0.png,TP,0.9821834564208984,0.14348755776882172,34.498504638671875,35.513607025146484,78.83042907714844,1059.0,35.370121002197266,44.33192443847656,1568.025531649182,1.2533721452556685,0.6753716560253895
121,2489.0_1.0.png,TP,0.9805957078933716,112.63280487060547,260.30450439453125,157.58648681640625,301.4862976074219,1162.0,44.95368194580078,41.181793212890625,1851.2732340500224,1.0915911726672818,0.6276761196713775
122,2489.0_1.0.png,TP,0.9783549308776855,86.76008605957031,190.46987915039062,125.87847137451172,224.4954071044922,858.0,39.118385314941406,34.02552795410156,1331.0237130528549,1.149677541159973,0.6446166147048418
123,2489.0_1.0.png,TP,0.974358856678009,111.46014404296875,388.41656494140625,161.84307861328125,433.664794921875,1258.0,50.3829345703125,45.24822998046875,2279.7386105284095,1.1134785734615504,0.5518176488261584
124,2489.0_1.0.png,TP,0.9735042452812195,137.37608337402344,333.566650390625,189.25335693359375,390.34063720703125,1936.0,51.87727355957031,56.77398681640625,2945.2796451421455,1.0943903355139333,0.6573229822822357
125,2489.0_1.0.png,FP,0.9704543948173523,419.5669860839844,125.4480209350586,459.8876037597656,175.14712524414062,1133.0,40.32061767578125,49.69910430908203,2003.898583675269,1.2325977917479674,0.5653978745381469
126,2489.0_1.0.png,TP,0.9688524007797241,217.6375732421875,85.38880920410156,264.8896179199219,130.27523803710938,1231.0,47.252044677734375,44.88642883300781,2120.9755406412296,1.0527022511309025,0.5803933031815325
127,2489.0_1.0.png,TP,0.967660129070282,83.79412841796875,260.3472595214844,118.5635757446289,305.7734069824219,898.0,34.769447326660156,45.4261474609375,1579.4420413961634,1.306496103724551,0.5685552090320478
128,2489.0_1.0.png,TP,0.9601399302482605,307.4459228515625,64.43087005615234,350.7430419921875,106.7849349975586,1109.0,43.297119140625,42.35406494140625,1833.8089958578348,1.022265966691117,0.6047521865717659
129,2489.0_1.0.png,TP,0.9528427124023438,311.1485290527344,317.5085754394531,356.00933837890625,360.4087829589844,1109.0,44.860809326171875,42.90020751953125,1924.5380295868963,1.0457014527435098,0.5762421853716488
130,2489.0_1.0.png,TP,0.950984001159668,229.25511169433594,306.65887451171875,266.2905578613281,352.9949035644531,1043.0,37.03544616699219,46.336029052734375,1716.07550957473,1.2511265246760095,0.6077821134213794
131,2489.0_1.0.png,FP,0.9487816095352173,68.01641082763672,395.2282409667969,98.96833801269531,431.67462158203125,700.0,30.951927185058594,36.446380615234375,1128.0857189616654,1.1775157132324903,0.6205202213217517
132,2489.0_1.0.png,TP,0.9465884566307068,177.76939392089844,104.75048828125,215.25962829589844,154.01419067382812,1022.0,37.490234375,49.263702392578125,1846.9077488780022,1.3140409286272468,0.5533573621210186
133,2489.0_1.0.png,FP,0.8638020753860474,276.3576354980469,334.01953125,308.0694274902344,375.1416931152344,838.0,31.7117919921875,41.122161865234375,1304.0574433393776,1.2967467078292267,0.6426097287969795
134,2489.0_1.0.png,FP,0.7623149156570435,177.62110900878906,322.0132751464844,221.28591918945312,363.9316711425781,1188.0,43.66481018066406,41.91839599609375,1830.358804247342,1.0416622378569318,0.6490530693999721
135,461.0_1.0.png,TP,0.9975179433822632,252.02720642089844,73.18275451660156,317.4883728027344,159.90902709960938,3483.0,65.46116638183594,86.72627258300781,5677.202959232731,1.324850707320615,0.6135063384224553
136,461.0_1.0.png,FP,0.9896457195281982,322.39874267578125,421.059814453125,381.5343322753906,470.09869384765625,1779.0,59.135589599609375,49.03887939453125,2899.9430462997407,1.2058919438971538,0.6134603237363445
137,461.0_1.0.png,FP,0.9837533235549927,88.84261322021484,175.6385040283203,141.18319702148438,213.4986114501953,1215.0,52.34058380126953,37.860107421875,1981.620125239715,1.3824731984523617,0.6131346692156866
138,461.0_1.0.png,TP,0.975695788860321,74.74191284179688,372.62353515625,167.8358917236328,425.026611328125,3069.0,93.09397888183594,52.403076171875,4878.410866487771,1.7764983600676472,0.6290983035238967
139,461.0_1.0.png,FP,0.9716282486915588,288.4604187011719,300.6867980957031,326.8790283203125,340.2306823730469,1087.0,38.418609619140625,39.54388427734375,1519.2210528757423,1.0292898329574764,0.7154982469091061
140,461.0_1.0.png,TP,0.9656388759613037,69.89749908447266,348.5997619628906,108.96484375,386.4052429199219,989.0,39.067344665527344,37.80548095703125,1476.9597547943704,1.033377798048127,0.6696187873702039
141,461.0_1.0.png,TP,0.9555123448371887,107.206298828125,489.9513244628906,167.32485961914062,609.4911499023438,3829.0,60.118560791015625,119.53982543945312,7186.562262629159,1.9884013167746635,0.5327999480239922
142,461.0_1.0.png,FP,0.797252357006073,118.76927947998047,372.3550720214844,166.07395935058594,416.678955078125,1319.0,47.30467987060547,44.323883056640625,2096.7270986165386,1.0672503537236515,0.6290756679161069
143,461.0_1.0.png,FP,0.752259373664856,107.5275650024414,492.53302001953125,147.3706817626953,531.1944580078125,995.0,39.843116760253906,38.66143798828125,1540.3921878864057,1.0305647910026223,0.6459393963593478
144,461.0_1.0.png,FP,0.6269139647483826,76.44890594482422,388.40777587890625,113.26485443115234,426.491455078125,956.0,36.815948486328125,38.08367919921875,1402.0867715682834,1.0344342809302172,0.6818408242527532
145,1925.0_1.0.png,TP,0.9961338043212891,286.0485534667969,330.1781921386719,356.6361999511719,386.5434265136719,2311.0,70.587646484375,56.365234375,3978.6892380714417,1.2523259641706226,0.5808445600340962
146,1925.0_1.0.png,TP,0.9874302744865417,228.8783721923828,156.00621032714844,266.53515625,187.89471435546875,1142.0,37.65678405761719,31.888504028320312,1200.8185101149138,1.1808890133000294,0.9510179851330863
147,1925.0_1.0.png,TP,0.9758829474449158,182.34649658203125,393.9578857421875,221.1291961669922,432.740478515625,1187.0,38.78269958496094,38.7825927734375,1504.0936446581036,1.0000027541099188,0.7891795861352886
148,1925.0_1.0.png,FP,0.9140943288803101,389.7858581542969,65.85604095458984,418.2178649902344,103.3475112915039,955.0,28.4320068359375,37.49147033691406,1065.9577409084886,1.3186360904192516,0.8959079364497863
149,23.0_1.0.png,TP,0.9964612126350403,267.1042175292969,517.6063232421875,316.7607116699219,623.9202880859375,3056.0,49.656494140625,106.31396484375,5279.178772330284,2.1409881362682097,0.5788779148789935
150,23.0_1.0.png,TP,0.9941313862800598,315.132568359375,283.0109558105469,348.8315124511719,334.6094665527344,1137.0,33.698944091796875,51.5985107421875,1738.815328720957,1.5311610536410785,0.6538934763338887
151,23.0_1.0.png,TP,0.9901902675628662,169.5640106201172,492.4618835449219,214.4515380859375,550.7503662109375,1773.0,44.88752746582031,58.288482666015625,2616.4258666117676,1.29854518519425,0.6776419781753681
152,23.0_1.0.png,TP,0.9800660610198975,610.2870483398438,355.03411865234375,640.0,393.7823486328125,983.0,29.71295166015625,38.74822998046875,1151.3242843262851,1.3040855187883742,0.8537994146238455
153,23.0_1.0.png,TP,0.9175731539726257,469.3935546875,387.7936706542969,520.8546142578125,434.39923095703125,1595.0,51.4610595703125,46.605560302734375,2398.371515046805,1.104182832177929,0.6650345828381276
154,23.0_1.0.png,FP,0.6171936392784119,284.8543395996094,519.4868774414062,316.4887390136719,568.917724609375,1152.0,31.6343994140625,49.43084716796875,1563.7151626870036,1.5625663228490174,0.7367070598845288
155,222.0_1.0.png,TP,0.9938759207725525,366.7264099121094,223.93467712402344,418.2215881347656,260.8090515136719,1656.0,51.49517822265625,36.87437438964844,1898.8524810438976,1.3965031020868584,0.8721056619888718
156,222.0_1.0.png,TP,0.9936975836753845,294.9668273925781,300.7156677246094,343.24163818359375,336.2804870605469,1437.0,48.274810791015625,35.5648193359375,1716.8849242590368,1.3573753977216172,0.8369809645921215
157,222.0_1.0.png,TP,0.9930492639541626,45.38007736206055,483.2438659667969,85.86107635498047,531.5538940429688,1711.0,40.48099899291992,48.310028076171875,1955.6381978994468,1.1934000957985558,0.874906208028554
158,222.0_1.0.png,TP,0.9925997257232666,539.9819946289062,409.198486328125,580.2794799804688,441.7465515136719,1192.0,40.2974853515625,32.548065185546875,1311.6051800362766,1.2380915769290273,0.9088100734452966
159,222.0_1.0.png,TP,0.9910839796066284,56.347023010253906,243.1221466064453,84.47428131103516,277.90203857421875,819.0,28.12725830078125,34.77989196777344,978.2630050508305,1.2365190946039488,0.8371981724459107
160,222.0_1.0.png,TP,0.9894121289253235,22.63245391845703,407.1025085449219,70.9971694946289,442.011962890625,1452.0,48.364715576171875,34.909454345703125,1688.3858303492889,1.3854331579412071,0.8599930027247469
161,222.0_1.0.png,TP,0.987588107585907,202.76478576660156,430.5578308105469,253.8446807861328,461.81964111328125,1390.0,51.07989501953125,31.261810302734375,1596.8499883841723,1.6339391265215197,0.8704637317914373
162,222.0_1.0.png,TP,0.9758327603340149,101.59355926513672,616.9701538085938,159.5334930419922,638.071044921875,1055.0,57.93993377685547,21.10089111328125,1222.5842337361537,2.745852460249279,0.862926226993763
163,222.0_1.0.png,TP,0.9730504751205444,430.6709899902344,96.15166473388672,488.2311706542969,120.82106018066406,1243.0,57.5601806640625,24.669395446777344,1419.9748587897047,2.3332627176958973,0.8753676111276035
164,222.0_1.0.png,TP,0.9617446660995483,112.32763671875,532.3129272460938,165.48989868164062,584.4287109375,2201.0,53.162261962890625,52.11578369140625,2770.592945003882,1.020079872110931,0.7944147854591884
165,222.0_1.0.png,TP,0.9596179723739624,488.0836486816406,0.1478317230939865,522.2538452148438,48.625274658203125,1584.0,34.170196533203125,48.47744369506836,1656.4837784877745,1.4187054396354701,0.9562423855705089
166,222.0_1.0.png,FP,0.9526908993721008,507.8440856933594,330.0332946777344,554.2008666992188,367.3468933105469,1577.0,46.356781005859375,37.3135986328125,1729.7383203618228,1.2423562107219153,0.9116985970861342
167,222.0_1.0.png,TP,0.9400359392166138,565.0762939453125,123.5546875,604.0646362304688,159.3797149658203,1178.0,38.98834228515625,35.82502746582031,1396.7584332125261,1.0882990200734382,0.8433813406736449
168,222.0_1.0.png,FP,0.9335158467292786,469.4668884277344,325.3933410644531,503.8994140625,369.91888427734375,1425.0,34.432525634765625,44.525543212890625,1533.126908079721,1.293124520843581,0.9294729565374645
169,222.0_1.0.png,TP,0.7194848656654358,473.7499694824219,326.0058898925781,556.9463500976562,370.3670349121094,3174.0,83.19638061523438,44.36114501953125,3690.6867055725306,1.8754335709460344,0.8600025559491705
170,49.0_1.0.png,TP,0.994403600692749,349.2888488769531,390.7085266113281,399.8039855957031,444.2135925292969,1559.0,50.51513671875,53.50506591796875,2702.8157199919224,1.0591887777294475,0.5768058800563212
171,49.0_1.0.png,TP,0.9918398857116699,477.7515563964844,321.3051452636719,529.0261840820312,369.7270202636719,1293.0,51.274627685546875,48.421875,2482.81361246109,1.058914544006131,0.5207801316661516
172,49.0_1.0.png,TP,0.9911621809005737,478.8979187011719,209.7625274658203,520.1958618164062,254.76878356933594,996.0,41.297943115234375,45.006256103515625,1858.6658043926582,1.0897941327957636,0.535868254339276
173,49.0_1.0.png,TP,0.9898548126220703,354.56280517578125,235.1163787841797,400.5961608886719,277.2623291015625,1042.0,46.033355712890625,42.14595031738281,1940.1195228178985,1.0922367479255648,0.537080312704942
174,49.0_1.0.png,TP,0.989234983921051,301.0443115234375,301.3790283203125,351.2308349609375,350.9508972167969,1351.0,50.1865234375,49.571868896484375,2487.8397602140903,1.0123992610062602,0.5430414054817341
175,49.0_1.0.png,TP,0.9831785559654236,506.8498229980469,104.8600082397461,546.3360595703125,145.16714477539062,844.0,39.486236572265625,40.30713653564453,1591.577128797071,1.0207895214798843,0.530291611213277
176,49.0_1.0.png,TP,0.9828422665596008,564.1837158203125,188.06394958496094,605.1388549804688,229.9832000732422,996.0,40.95513916015625,41.91925048828125,1716.8087372370064,1.0235406678598946,0.5801461621187577
177,49.0_1.0.png,FP,0.9715661406517029,355.47052001953125,521.2291259765625,411.4549865722656,579.7621459960938,1762.0,55.984466552734375,58.53302001953125,3276.939901513979,1.045522510505593,0.5376967698388178
178,49.0_1.0.png,TP,0.9711739420890808,470.9172058105469,44.431373596191406,515.02734375,88.52538299560547,1179.0,44.110137939453125,44.09400939941406,1944.992836911697,1.000365776219009,0.6061718982328195
179,49.0_1.0.png,FP,0.7121321558952332,520.1102294921875,479.1546936035156,559.6957397460938,520.7304077148438,1008.0,39.58551025390625,41.575714111328125,1645.7958572674543,1.050276069315678,0.6124696423003527
180,756.0_1.0.png,TP,0.9947368502616882,232.68167114257812,223.24961853027344,270.7900695800781,276.7665710449219,1187.0,38.1083984375,53.51695251464844,2039.4453495889902,1.4043348634138841,0.5820209893043794
181,756.0_1.0.png,TP,0.994044840335846,417.5966796875,88.62633514404297,488.2201232910156,141.20469665527344,1987.0,70.62344360351562,52.57836151123047,3713.2649489536416,1.3432035836345113,0.5351085977745583
182,756.0_1.0.png,TP,0.991956353187561,260.7381286621094,156.97837829589844,297.50299072265625,198.922119140625,862.0,36.764862060546875,41.94374084472656,1542.055846459698,1.14086490452897,0.5589940221549095
183,818.0_1.0.png,TP,0.9984391331672668,458.7220764160156,92.49565887451172,531.27294921875,161.52940368652344,1943.0,72.55087280273438,69.03374481201172,5008.458438952686,1.050947953067015,0.38794372034487695
184,818.0_1.0.png,TP,0.9959776997566223,121.8565673828125,258.7161560058594,194.25437927246094,327.89520263671875,2348.0,72.39781188964844,69.17904663085938,5008.4116046861745,1.0465280372533095,0.4688113089193924
185,818.0_1.0.png,TP,0.9949641227722168,250.8517608642578,343.5761413574219,302.34381103515625,393.243408203125,1272.0,51.49205017089844,49.667266845703125,2557.469396270346,1.0367401598896957,0.4973666554348629
186,818.0_1.0.png,TP,0.9941907525062561,158.1913299560547,467.5409851074219,207.67715454101562,518.0911865234375,1317.0,49.48582458496094,50.550201416015625,2501.518400007393,1.0215087217396426,0.526480236961722
187,818.0_1.0.png,TP,0.990390419960022,451.91265869140625,230.8265380859375,497.5818786621094,275.6129150390625,922.0,45.669219970703125,44.786376953125,2045.3589007630944,1.0197123115920304,0.450776633702777
188,818.0_1.0.png,TP,0.9877775311470032,190.84361267089844,437.0619812011719,247.1845703125,494.1635437011719,1567.0,56.34095764160156,57.1015625,3217.156714081764,1.013500034259922,0.4870760548098605
189,818.0_1.0.png,TP,0.9815850257873535,231.9854278564453,230.3053436279297,273.4910583496094,275.0924072265625,970.0,41.50563049316406,44.78706359863281,1858.9153125986923,1.0790599508182197,0.5218096776253767
190,818.0_1.0.png,TP,0.977067232131958,391.2878723144531,189.43572998046875,436.4698791503906,231.2506561279297,731.0,45.1820068359375,41.81492614746094,1889.2822790388018,1.0805234158874872,0.38691941808288505
191,818.0_1.0.png,TP,0.8930767178535461,263.0260925292969,275.8665466308594,305.4195861816406,317.8122863769531,644.0,42.39349365234375,41.94573974609375,1778.2264516688883,1.010674597920083,0.3621585987519181
192,2305.0_1.0.png,TP,0.9896833896636963,306.5196228027344,284.62237548828125,351.8791198730469,325.60748291015625,1166.0,45.3594970703125,40.985107421875,1859.0638600289822,1.1067311988086375,0.6271973895408964
193,2305.0_1.0.png,TP,0.9893402457237244,36.28003692626953,203.1362762451172,84.89273071289062,245.85415649414062,1195.0,48.612693786621094,42.71788024902344,2076.6312317593256,1.1379940554923114,0.5754512316505969
194,2305.0_1.0.png,TP,0.9881814122200012,131.9755401611328,578.8668823242188,177.8133087158203,620.8857421875,1129.0,45.8377685546875,42.01885986328125,1926.050773344934,1.0908855857543973,0.5861735399837296
195,2305.0_1.0.png,TP,0.9881757497787476,88.7598876953125,434.22100830078125,145.10740661621094,479.94073486328125,1486.0,56.34751892089844,45.7197265625,2576.1931575387716,1.2324552913471603,0.5768201020375685
196,2305.0_1.0.png,TP,0.988095760345459,125.44535064697266,264.9243469238281,171.90113830566406,308.6090087890625,1215.0,46.455787658691406,43.684661865234375,2029.4053755530622,1.0634347543310707,0.598697537040318
197,2305.0_1.0.png,TP,0.973211944103241,43.628658294677734,578.2882690429688,94.47576904296875,621.3526000976562,1252.0,50.847110748291016,43.0643310546875,2189.6968104387634,1.1807244999050408,0.5717686549258519
198,2305.0_1.0.png,TP,0.9657648205757141,327.8951416015625,342.76513671875,373.7063293457031,378.6346740722656,944.0,45.811187744140625,35.869537353515625,1643.2261099973693,1.277161377707332,0.5744796740124287
199,2305.0_1.0.png,TP,0.9579269886016846,64.9276351928711,348.90032958984375,112.05643463134766,392.1443786621094,1134.0,47.12879943847656,43.244049072265625,2038.040115634445,1.0898331781956654,0.5564169180482417
200,2305.0_1.0.png,TP,0.9499967098236084,384.3852844238281,424.751953125,414.2384338378906,459.802734375,601.0,29.8531494140625,35.05078125,1046.3762097358704,1.1741066499834394,0.5743632112504797
201,2305.0_1.0.png,TP,0.9473048448562622,161.5961151123047,319.5055236816406,218.9449920654297,357.0505065917969,999.0,57.348876953125,37.54498291015625,2153.1626051217318,1.5274711161903771,0.4639686745551297
202,2305.0_1.0.png,TP,0.9426710605621338,20.691816329956055,538.3042602539062,66.86251068115234,578.990478515625,1165.0,46.170692443847656,40.68621826171875,1878.5108700650744,1.1347993108341847,0.6201720834118158
203,2305.0_1.0.png,FP,0.923711359500885,378.51263427734375,498.25054931640625,427.663818359375,539.4063110351562,1213.0,49.15118408203125,41.15576171875,2022.854420274496,1.1942722483894312,0.5996476997269032
204,2305.0_1.0.png,TP,0.9082887768745422,194.6243133544922,363.3490295410156,248.072265625,396.8230895996094,1003.0,53.44795227050781,33.47406005859375,1789.1199643118307,1.5966976272657487,0.5606108142590623
205,2305.0_1.0.png,FP,0.8462753295898438,156.64520263671875,500.44000244140625,196.18954467773438,537.523681640625,812.0,39.544342041015625,37.08367919921875,1466.4496943932027,1.06635433416889,0.553718278304797
206,2305.0_1.0.png,TP,0.8318817019462585,322.224609375,445.98052978515625,358.8587951660156,485.07135009765625,866.0,36.634185791015625,39.0908203125,1432.0603740513325,1.0670585265767487,0.6047231078324342
207,2305.0_1.0.png,FP,0.7128386497497559,156.57943725585938,353.4632568359375,216.6356964111328,388.5359802246094,939.0,60.05625915527344,35.072723388671875,2106.336565111298,1.7123352096082445,0.4457977018266231
208,2305.0_1.0.png,FP,0.5795732736587524,215.93508911132812,478.212646484375,254.7742462158203,523.1409912109375,1160.0,38.83915710449219,44.9283447265625,1744.979039279744,1.1567796027521418,0.6647644320580496
209,206.0_1.0.png,TP,0.9958143830299377,158.8701934814453,578.1870727539062,288.0641784667969,638.2792358398438,5489.0,129.19398498535156,60.0921630859375,7763.546015461907,2.1499306789904016,0.7070222793898674
210,206.0_1.0.png,TP,0.9858404397964478,529.1756591796875,281.78125,604.6226196289062,318.7716979980469,2179.0,75.44696044921875,36.990447998046875,2790.8168671075255,2.0396335954947724,0.7807749858765802
211,206.0_1.0.png,TP,0.9780279994010925,577.0868530273438,192.8859405517578,617.0601806640625,225.288330078125,1046.0,39.97332763671875,32.40238952636719,1295.2313327500597,1.2336536971815233,0.8075777458063133
212,206.0_1.0.png,TP,0.9728816747665405,0.0,246.04405212402344,149.5168914794922,314.5848693847656,6341.0,149.5168914794922,68.54081726074219,10248.009936290095,2.181428489693984,0.6187542790669385
213,206.0_1.0.png,TP,0.9659536480903625,239.4066619873047,296.6573181152344,430.4084167480469,408.19183349609375,12803.0,191.0017547607422,111.53451538085938,21303.28815413313,1.7124901122179468,0.6009870357743832
214,206.0_1.0.png,TP,0.9265967011451721,515.5888671875,352.8610534667969,563.1397705078125,380.6983642578125,1023.0,47.5509033203125,27.837310791015625,1323.6892741210759,1.7081715858724167,0.7728399859395005
215,206.0_1.0.png,FP,0.6848265528678894,625.7445678710938,147.24949645996094,640.0,177.5547637939453,358.0,14.25543212890625,30.305267333984375,432.0146816279739,2.125875039069023,0.8286755409583254
216,660.0_1.0.png,TP,0.9924688935279846,525.2745971679688,134.05955505371094,570.6653442382812,189.5861053466797,1811.0,45.3907470703125,55.52655029296875,2520.391600035131,1.2233010883684154,0.7185391349402835
217,660.0_1.0.png,TP,0.9894230961799622,300.42767333984375,258.95684814453125,342.7340087890625,297.064453125,1225.0,42.30633544921875,38.10760498046875,1612.19311947003,1.11018090669571,0.7598345292545905
218,660.0_1.0.png,TP,0.9888401627540588,367.1465759277344,416.92486572265625,416.715576171875,489.8645935058594,2254.0,49.569000244140625,72.93972778320312,3615.5493842931464,1.4714786948285299,0.6234183966043837
219,660.0_1.0.png,TP,0.9885047078132629,170.41229248046875,557.6974487304688,205.7438507080078,597.4287109375,924.0,35.33155822753906,39.73126220703125,1403.7674041213468,1.1245261799991275,0.6582287046181663
220,660.0_1.0.png,TP,0.9860317707061768,307.8396301269531,306.9306335449219,349.26385498046875,343.8575134277344,1108.0,41.424224853515625,36.9268798828125,1529.6673754043877,1.1217905489165467,0.7243404793849941
221,660.0_1.0.png,TP,0.9781045317649841,438.35693359375,317.4268493652344,477.0121154785156,354.8341979980469,999.0,38.655181884765625,37.4073486328125,1445.987865228206,1.0333579710286809,0.6908771671070267
222,660.0_1.0.png,TP,0.9749631285667419,324.2076110839844,589.7268676757812,366.9306945800781,640.0,1588.0,42.72308349609375,50.27313232421875,2147.8232298977673,1.1767205971641845,0.7393532102153426
223,660.0_1.0.png,TP,0.9724679589271545,608.9066772460938,139.33901977539062,640.0,196.9037628173828,1431.0,31.09332275390625,57.56474304199219,1789.8791346503422,1.851353858112843,0.7994953247385331
224,660.0_1.0.png,TP,0.9650735259056091,260.2884521484375,525.3157958984375,289.3883972167969,560.4429321289062,689.0,29.099945068359375,35.12713623046875,1022.197734715417,1.2071203621845594,0.6740378858223743
225,660.0_1.0.png,FP,0.9620862603187561,95.95654296875,587.9771118164062,126.05928039550781,624.028564453125,834.0,30.102737426757812,36.05145263671875,1085.2474125763401,1.1976137626830319,0.7684883560515593
226,660.0_1.0.png,TP,0.9618048667907715,570.9915161132812,383.5374450683594,605.5548706054688,423.8402404785156,940.0,34.5633544921875,40.30279541015625,1392.9998047873378,1.1660556679840222,0.6748026789160283
227,660.0_1.0.png,TP,0.9594992399215698,608.1400146484375,339.12847900390625,635.628662109375,380.6971740722656,779.0,27.4886474609375,41.568695068359375,1142.667204145342,1.5122131828213885,0.6817383024330806
228,660.0_1.0.png,TP,0.9593095779418945,601.9597778320312,539.434814453125,640.0,591.3412475585938,1531.0,38.04022216796875,51.90643310546875,1974.5322472788393,1.3645144572571886,0.7753735104148923
229,660.0_1.0.png,TP,0.9451207518577576,382.649169921875,559.8558959960938,445.3517150878906,597.490966796875,1644.0,62.702545166015625,37.63507080078125,2359.814726712182,1.6660668847396989,0.6966648616056851
230,660.0_1.0.png,TP,0.9344269633293152,472.44415283203125,261.8326416015625,504.0503845214844,307.5585632324219,1140.0,31.606231689453125,45.725921630859375,1445.2240732787177,1.4467375320202418,0.7888050172135114
231,660.0_1.0.png,TP,0.811434805393219,570.2030639648438,550.6389770507812,609.02734375,590.4556884765625,1083.0,38.82427978515625,39.81671142578125,1545.8551445193589,1.0255621391077148,0.7005831069228217
232,660.0_1.0.png,TP,0.8084108829498291,492.08160400390625,352.53131103515625,529.8052368164062,384.3939514160156,949.0,37.7236328125,31.862640380859375,1201.9745461642742,1.1839455977779374,0.7895341902442415
233,660.0_1.0.png,TP,0.7103800773620605,529.8361206054688,251.9784698486328,556.6511840820312,305.7071228027344,1016.0,26.8150634765625,53.72865295410156,1440.7372394744307,2.003674278118442,0.7051945158095786
234,2488.0_1.0.png,TP,0.9959245920181274,411.4021911621094,54.3791389465332,465.4617614746094,116.23320770263672,2133.0,54.0595703125,61.854068756103516,3343.8043790347874,1.1441835071671154,0.6378961680215591
235,2488.0_1.0.png,TP,0.9957444071769714,266.2292175292969,476.43603515625,322.7774658203125,538.2548217773438,2353.0,56.548248291015625,61.81878662109375,3495.7440948989242,1.0932042722694826,0.6731041907311108
236,2488.0_1.0.png,TP,0.9892876148223877,238.34341430664062,378.7151794433594,304.4432067871094,428.68634033203125,1909.0,66.09979248046875,49.971160888671875,3303.0833647493273,1.3227587933714209,0.577944844012399
237,2488.0_1.0.png,TP,0.9878343343734741,199.63902282714844,137.54957580566406,271.4059143066406,190.8418426513672,1840.0,71.76689147949219,53.292266845703125,3824.6203314117156,1.3466661436504206,0.48109350486060737
238,2488.0_1.0.png,TP,0.9876026511192322,107.14564514160156,416.02862548828125,194.60885620117188,465.7360534667969,2231.0,87.46321105957031,49.707427978515625,4347.571264513303,1.7595601827834135,0.5131600758819888
239,2488.0_1.0.png,TP,0.9852247834205627,68.72103118896484,340.6092834472656,118.89141082763672,384.34747314453125,1385.0,50.170379638671875,43.738189697265625,2194.3615818200633,1.147061183508662,0.6311630733396468
240,2488.0_1.0.png,TP,0.9846541881561279,308.3949890136719,257.53948974609375,394.6935729980469,415.96490478515625,6640.0,86.298583984375,158.4254150390625,13671.888985008001,1.8357823237023982,0.48566807463702605
241,2488.0_1.0.png,TP,0.9813169240951538,110.0492935180664,279.0858459472656,154.9129180908203,320.8866271972656,1183.0,44.863624572753906,41.80078125,1875.3345568478107,1.0732723942271751,0.6308207757811846
242,2488.0_1.0.png,TP,0.9792582392692566,339.5318298339844,198.81764221191406,382.37615966796875,239.7823028564453,1110.0,42.844329833984375,40.96466064453125,1755.1034321915358,1.0458851400177305,0.6324413590907187
243,2488.0_1.0.png,TP,0.9735756516456604,237.96812438964844,335.1384582519531,283.7197265625,376.28167724609375,1171.0,45.75160217285156,41.143218994140625,1882.368187530432,1.1120083282585944,0.6220887113143845
244,2488.0_1.0.png,TP,0.9731423854827881,69.03008270263672,239.6667022705078,142.8123779296875,285.3766784667969,1746.0,73.78229522705078,45.70997619628906,3372.5869585360633,1.6141398741975446,0.5177034785065661
245,2488.0_1.0.png,TP,0.9703502655029297,55.07416915893555,126.05643463134766,100.1233901977539,165.37350463867188,1071.0,45.04922103881836,39.31707000732422,1771.2033773586445,1.145792934987941,0.6046736437444908
246,2488.0_1.0.png,FP,0.967430830001831,488.81182861328125,316.7326354980469,553.9152221679688,368.8193054199219,2066.0,65.1033935546875,52.086669921875,3391.018970876932,1.249905084205543,0.6092563968952741
247,2488.0_1.0.png,TP,0.9578800797462463,499.5848083496094,378.35443115234375,560.4818115234375,413.5074157714844,1200.0,60.897003173828125,35.152984619140625,2140.711415921338,1.7323423269348803,0.5605613120363231
248,2488.0_1.0.png,TP,0.9506160020828247,176.1565399169922,109.2833480834961,215.89016723632812,145.065185546875,862.0,39.73362731933594,35.781837463378906,1421.7421945709502,1.1104412220306323,0.6062983874936146
249,2488.0_1.0.png,TP,0.9495720863342285,260.31964111328125,281.0478515625,301.8429260253906,321.4735412597656,1084.0,41.523284912109375,40.425689697265625,1678.6074310680851,1.027150933553967,0.6457733833039563
250,2488.0_1.0.png,TP,0.9486629366874695,253.06298828125,240.5891876220703,290.441162109375,280.7154235839844,925.0,37.378173828125,40.12623596191406,1499.8454228527844,1.0735205028053376,0.6167302215988376
251,2488.0_1.0.png,TP,0.8460410833358765,197.2646484375,251.5961456298828,234.043701171875,289.9432067871094,917.0,36.779052734375,38.34706115722656,1410.368584509939,1.042633192164464,0.6501846468160166
252,1913.0_1.0.png,TP,0.9914932250976562,198.07504272460938,41.717140197753906,264.2128601074219,124.6368179321289,3605.0,66.1378173828125,82.919677734375,5484.1265034377575,1.253740764598072,0.6573517218722406
253,1913.0_1.0.png,TP,0.990209698677063,362.4508972167969,80.84712982177734,403.3576965332031,120.46417236328125,1125.0,40.90679931640625,39.617042541503906,1620.6064087548293,1.0325556046630981,0.6941845928305185
254,1913.0_1.0.png,TP,0.9854286313056946,420.53515625,277.6880798339844,462.50567626953125,317.1905212402344,1075.0,41.97052001953125,39.50244140625,1657.9380078613758,1.0624791411725443,0.6483957752960106
255,1913.0_1.0.png,TP,0.9830726385116577,113.8471908569336,94.30879974365234,153.36758422851562,134.2888641357422,935.0,39.52039337158203,39.980064392089844,1580.0278717965703,1.0116312359592643,0.5917617129986817
256,1913.0_1.0.png,TP,0.9823001027107239,465.5867614746094,228.3962860107422,507.5375671386719,270.3851013183594,1143.0,41.9508056640625,41.98881530761719,1761.4646310340613,1.0009060527671165,0.6488918255083022
257,1913.0_1.0.png,TP,0.9766035079956055,0.02152252197265625,265.5894470214844,35.060943603515625,307.6539306640625,1078.0,35.03942108154297,42.064483642578125,1473.9151549299713,1.2004902576639775,0.7313853829335366
258,1913.0_1.0.png,TP,0.9749433994293213,500.77392578125,392.2635192871094,547.51806640625,426.9928283691406,1090.0,46.744140625,34.72930908203125,1623.3917075395584,1.345956538167503,0.671433761141988
259,1913.0_1.0.png,TP,0.974744439125061,87.23531341552734,142.04344177246094,119.40702056884766,180.93563842773438,775.0,32.17170715332031,38.89219665527344,1251.2283613428008,1.2088944012179823,0.6193913309064388
260,1913.0_1.0.png,TP,0.9634956121444702,253.45237731933594,248.8944091796875,316.84808349609375,283.8146667480469,1312.0,63.39570617675781,34.920257568359375,2213.794388420414,1.8154421127236913,0.5926476310820075
261,1913.0_1.0.png,TP,0.9523709416389465,103.1451416015625,214.6217803955078,138.2212677001953,246.214599609375,742.0,35.07612609863281,31.592819213867188,1108.153710556915,1.1102562851762428,0.669582200493738
262,1913.0_1.0.png,TP,0.9521366953849792,352.5439147949219,43.97556686401367,394.9857177734375,83.19905853271484,1137.0,42.441802978515625,39.22349166870117,1664.7157055324642,1.0820506072482716,0.6829995032913606
263,1913.0_1.0.png,TP,0.9503387808799744,232.47129821777344,165.15919494628906,283.33331298828125,201.76828002929688,1214.0,50.86201477050781,36.60908508300781,1862.0118262267206,1.389327667030814,0.6519829696571336
264,1913.0_1.0.png,TP,0.8822009563446045,258.2933654785156,219.36489868164062,304.0187683105469,248.07315063476562,878.0,45.72540283203125,28.708251953125,1312.6963851600885,1.592761652875694,0.6688523027302496
265,1913.0_1.0.png,TP,0.8548460602760315,600.8312377929688,504.6982116699219,637.7029418945312,529.5731201171875,805.0,36.8717041015625,24.874908447265625,917.1802638210356,1.4822850174395565,0.8776900591453146
266,1913.0_1.0.png,TP,0.8119522929191589,150.691162109375,203.0283660888672,183.2178497314453,229.81045532226562,611.0,32.52668762207031,26.782089233398438,871.1326503611635,1.2144940351221034,0.7013857186350265
267,1913.0_1.0.png,FP,0.6767968535423279,292.0860900878906,535.0820922851562,329.857666015625,564.6542358398438,747.0,37.771575927734375,29.5721435546875,1116.9864656217396,1.2772687870219397,0.6687636985683646
268,1913.0_1.0.png,TP,0.6537138819694519,273.1687316894531,274.3569030761719,323.9610595703125,306.636474609375,1021.0,50.792327880859375,32.279571533203125,1639.5545811681077,1.5735130755565891,0.6227301071444564
269,1913.0_1.0.png,TP,0.5630255937576294,566.3782958984375,543.7938842773438,590.3716430664062,565.669677734375,421.0,23.99334716796875,21.87579345703125,524.87350698933,1.0967989442347237,0.8020980186537751
