model,threshold,TP,FP,FN,precision,recall,F1,count_MAE,count_RMSE,mean_matched_mask_IoU,area_MAPE_percent,negative_FP_images,negative_FP_rate_percent,negative_total_predictions,negative_avg_predictions_per_image,negative_mean_FP_confidence,negative_max_FP_confidence
baseline,0.5,2911,1208,517,0.7067249332362224,0.8491831971995333,0.7714323572280377,4.124,5.875712722725644,0.7804586985628247,35.533606760958556,15,15.957446808510639,34,0.3617021276595745,0.887760307858972,0.9978998899459839
baseline,0.75,2761,876,667,0.7591421501237283,0.8054259043173863,0.7815994338287332,3.404,4.8616869500205375,0.7822474988946239,27.468307833541854,12,12.76595744680851,28,0.2978723404255319,0.9447683755840574,0.9978998899459839
baseline,0.9,2473,587,955,0.8081699346405229,0.7214119019836639,0.7623304562268804,3.592,5.155191558031573,0.7858413043592772,26.285527072499047,10,10.638297872340425,22,0.23404255319148937,0.9689626666632566,0.9978998899459839
baseline,0.98,1264,159,2164,0.8882642304989459,0.3687281213535589,0.5211296639868068,8.14,10.897889703974801,0.8004259245534601,50.461889072025365,8,8.51063829787234,10,0.10638297872340426,0.9885846674442291,0.9978998899459839
background_aware,0.5,2861,1243,567,0.6971247563352827,0.8345974329054843,0.7596919808815721,4.16,5.797930665332244,0.7724182619769062,40.056889030865904,13,13.829787234042554,31,0.32978723404255317,0.8456058386833437,0.9930922985076904
background_aware,0.75,2704,876,724,0.7553072625698324,0.7887981330221704,0.771689497716895,3.4,4.7791212581394085,0.7754275631123377,28.33048066445609,9,9.574468085106384,22,0.23404255319148937,0.9360573210499503,0.9930922985076904
background_aware,0.9,2327,549,1101,0.8091098748261474,0.6788214702450408,0.7382614213197969,3.84,5.504180229607312,0.7798966014505404,26.446278586710058,9,9.574468085106384,18,0.19148936170212766,0.9582887060112424,0.9930922985076904
background_aware,0.98,1031,121,2397,0.8949652777777778,0.3007584597432906,0.4502183406113538,9.136,11.586543919564626,0.7973987796271121,60.59807402818583,5,5.319148936170213,6,0.06382978723404255,0.9875900745391846,0.9930922985076904
hard_negative_replay,0.5,2867,1190,561,0.7066798126694602,0.8363477246207701,0.766065464261857,4.068,5.698771797501633,0.7727406579555617,37.99974518264032,15,15.957446808510639,33,0.35106382978723405,0.8297266851771962,0.9898480772972107
hard_negative_replay,0.75,2664,836,764,0.7611428571428571,0.7771295215869312,0.76905311778291,3.344,4.710838566539932,0.7751704300973737,28.39036660261594,10,10.638297872340425,23,0.24468085106382978,0.9174015781153804,0.9898480772972107
hard_negative_replay,0.9,2238,509,1190,0.8147069530396797,0.6528588098016336,0.7248582995951417,4.076,5.786536096837209,0.780179725003327,27.839517699479387,8,8.51063829787234,15,0.1595744680851064,0.961605703830719,0.9898480772972107
hard_negative_replay,0.98,841,95,2587,0.8985042735042735,0.24533255542590432,0.3854262144821265,9.968,12.453433261554823,0.7984523493954313,67.22490821440903,3,3.1914893617021276,4,0.0425531914893617,0.9856958389282227,0.9898480772972107
