filename,sampleid,score_threshold,raw_prediction_count,high_confidence_prediction_count,max_confidence,mean_confidence_all_predictions,mean_confidence_high_predictions,priority_score,is_hard_negative
2745.0_0.0.png,2745,0.75,17,10,0.9954034090042114,0.6268666982650757,0.9304205179214478,9.304205179214478,True
2566.0_0.0.png,2566,0.75,14,8,0.9898664951324463,0.6489836573600769,0.9614402055740356,7.691521644592285,True
2706.0_0.0.png,2706,0.75,12,8,0.9863126873970032,0.6725055575370789,0.9462646245956421,7.570116996765137,True
2596.0_0.0.png,2596,0.75,13,8,0.9933145642280579,0.6592837572097778,0.926712155342102,7.413697242736816,True
2545.0_0.0.png,2545,0.75,8,6,0.977314293384552,0.6854629516601562,0.89518803358078,5.37112820148468,True
2580.0_0.0.png,2580,0.75,8,5,0.9938475489616394,0.6343196034431458,0.9793990254402161,4.89699512720108,True
2669.0_0.0.png,2669,0.75,8,5,0.9924132227897644,0.7077404260635376,0.9719060659408569,4.859530329704285,True
2773.0_0.0.png,2773,0.75,5,5,0.9678305983543396,0.882348895072937,0.882348895072937,4.411744475364685,True
2518.0_0.0.png,2518,0.75,6,4,0.990211009979248,0.71114581823349,0.9741047024726868,3.896418809890747,True
2785.0_0.0.png,2785,0.75,5,4,0.9939811825752258,0.8343499302864075,0.9696521162986755,3.878608465194702,True
2676.0_0.0.png,2676,0.75,16,4,0.9959133267402649,0.3789864778518677,0.9656627774238586,3.8626511096954346,True
2801.0_0.0.png,2801,0.75,18,4,0.9926740527153015,0.42596906423568726,0.964484691619873,3.857938766479492,True
2999.0_0.0.png,2999,0.75,5,4,0.9866873025894165,0.7271336317062378,0.8957808017730713,3.583123207092285,True
2862.0_0.0.png,2862,0.75,8,3,0.9855164885520935,0.5533977746963501,0.9834215044975281,2.9502645134925842,True
2876.0_0.0.png,2876,0.75,11,3,0.9886125922203064,0.5610323548316956,0.9729845523834229,2.9189536571502686,True
2741.0_0.0.png,2741,0.75,4,3,0.9844356775283813,0.753516674041748,0.9691610336303711,2.9074831008911133,True
2974.0_0.0.png,2974,0.75,6,3,0.864892840385437,0.5442875027656555,0.8525407910346985,2.5576223731040955,True
2535.0_0.0.png,2535,0.75,6,3,0.8878411054611206,0.6189306974411011,0.8378877639770508,2.5136632919311523,True
2831.0_0.0.png,2831,0.75,3,2,0.9748114347457886,0.6798377633094788,0.9720537662506104,1.9441075325012207,True
2866.0_0.0.png,2866,0.75,3,2,0.9745665788650513,0.662159264087677,0.9656060934066772,1.9312121868133545,True
2938.0_0.0.png,2938,0.75,4,2,0.9916043877601624,0.5598616003990173,0.9581039547920227,1.9162079095840454,True
2659.0_0.0.png,2659,0.75,3,2,0.9766584038734436,0.6551429629325867,0.9488891363143921,1.8977782726287842,True
2677.0_0.0.png,2677,0.75,4,2,0.9791271090507507,0.6748632788658142,0.944454550743103,1.888909101486206,True
2764.0_0.0.png,2764,0.75,6,2,0.9170939326286316,0.4571169316768646,0.9140042066574097,1.8280084133148193,True
2934.0_0.0.png,2934,0.75,5,2,0.9918786287307739,0.4819753170013428,0.9032055139541626,1.8064110279083252,True
2600.0_0.0.png,2600,0.75,4,2,0.977451503276825,0.6509619355201721,0.8886347413063049,1.7772694826126099,True
2929.0_0.0.png,2929,0.75,4,2,0.8894761800765991,0.7106154561042786,0.8628232479095459,1.7256464958190918,True
2893.0_0.0.png,2893,0.75,6,2,0.7904430627822876,0.40464726090431213,0.7766745090484619,1.5533490180969238,True
2942.0_0.0.png,2942,0.75,1,1,0.994662880897522,0.994662880897522,0.994662880897522,0.994662880897522,True
2527.0_0.0.png,2527,0.75,2,1,0.9944548010826111,0.5253638625144958,0.9944548010826111,0.9944548010826111,True
2581.0_0.0.png,2581,0.75,2,1,0.993743360042572,0.5248580574989319,0.993743360042572,0.993743360042572,True
2634.0_0.0.png,2634,0.75,2,1,0.9935471415519714,0.5785601139068604,0.9935471415519714,0.9935471415519714,True
2881.0_0.0.png,2881,0.75,2,1,0.9914827346801758,0.5234741568565369,0.9914827346801758,0.9914827346801758,True
2958.0_0.0.png,2958,0.75,2,1,0.9897336363792419,0.5205753445625305,0.9897336363792419,0.9897336363792419,True
2611.0_0.0.png,2611,0.75,2,1,0.9887269735336304,0.8617468476295471,0.9887269735336304,0.9887269735336304,True
2716.0_0.0.png,2716,0.75,5,1,0.9885498881340027,0.4714565873146057,0.9885498881340027,0.9885498881340027,True
2947.0_0.0.png,2947,0.75,3,1,0.9879932403564453,0.7232334613800049,0.9879932403564453,0.9879932403564453,True
2949.0_0.0.png,2949,0.75,2,1,0.9865050911903381,0.6234537363052368,0.9865050911903381,0.9865050911903381,True
2570.0_0.0.png,2570,0.75,3,1,0.9840548634529114,0.47618815302848816,0.9840548634529114,0.9840548634529114,True
2627.0_0.0.png,2627,0.75,1,1,0.9808008074760437,0.9808008074760437,0.9808008074760437,0.9808008074760437,True
2937.0_0.0.png,2937,0.75,2,1,0.9795345067977905,0.6863128542900085,0.9795345067977905,0.9795345067977905,True
2871.0_0.0.png,2871,0.75,1,1,0.9793415665626526,0.9793415665626526,0.9793415665626526,0.9793415665626526,True
2724.0_0.0.png,2724,0.75,3,1,0.9778010249137878,0.3716546595096588,0.9778010249137878,0.9778010249137878,True
2618.0_0.0.png,2618,0.75,1,1,0.9699214100837708,0.9699214100837708,0.9699214100837708,0.9699214100837708,True
2995.0_0.0.png,2995,0.75,3,1,0.9553912281990051,0.5589644908905029,0.9553912281990051,0.9553912281990051,True
2734.0_0.0.png,2734,0.75,2,1,0.9495427012443542,0.5070686936378479,0.9495427012443542,0.9495427012443542,True
2501.0_0.0.png,2501,0.75,4,1,0.9237672090530396,0.31026169657707214,0.9237672090530396,0.9237672090530396,True
2794.0_0.0.png,2794,0.75,7,1,0.8784772157669067,0.3814952075481415,0.8784772157669067,0.8784772157669067,True
2959.0_0.0.png,2959,0.75,1,1,0.8370644450187683,0.8370644450187683,0.8370644450187683,0.8370644450187683,True
2906.0_0.0.png,2906,0.75,4,1,0.817987322807312,0.3513343632221222,0.817987322807312,0.817987322807312,True
2844.0_0.0.png,2844,0.75,3,1,0.8168013691902161,0.3424936532974243,0.8168013691902161,0.8168013691902161,True
2574.0_0.0.png,2574,0.75,1,1,0.8070412874221802,0.8070412874221802,0.8070412874221802,0.8070412874221802,True
2505.0_0.0.png,2505,0.75,2,1,0.7955996990203857,0.570252537727356,0.7955996990203857,0.7955996990203857,True
2615.0_0.0.png,2615,0.75,7,1,0.7688497304916382,0.21446992456912994,0.7688497304916382,0.7688497304916382,True
