target_label,feature,auc,separability
DUPLICATE,solidity,0.6319,0.6319
DUPLICATE,compactness,0.6021,0.6021
DUPLICATE,edge_distance_norm,0.6021,0.6021
DUPLICATE,center_y_norm,0.5787,0.5787
DUPLICATE,neighbor_count_100px,0.4394,0.5606
DUPLICATE,mask_area_px,0.5596,0.5596
DUPLICATE,relative_mask_area,0.5596,0.5596
DUPLICATE,score,0.5574,0.5574
DUPLICATE,bbox_width,0.5511,0.5511
DUPLICATE,aspect_ratio,0.534,0.534
DUPLICATE,bbox_area_px,0.5191,0.5191
DUPLICATE,bbox_height,0.5149,0.5149
DUPLICATE,center_x_norm,0.4872,0.5128
DUPLICATE,rectangularity,0.5021,0.5021
OVER_SEGMENTATION,score,0.7153,0.7153
OVER_SEGMENTATION,neighbor_count_100px,0.338,0.662
OVER_SEGMENTATION,rectangularity,0.3634,0.6366
OVER_SEGMENTATION,aspect_ratio,0.3843,0.6157
OVER_SEGMENTATION,compactness,0.6019,0.6019
OVER_SEGMENTATION,bbox_height,0.5972,0.5972
OVER_SEGMENTATION,bbox_width,0.4074,0.5926
OVER_SEGMENTATION,solidity,0.4213,0.5787
OVER_SEGMENTATION,center_x_norm,0.5509,0.5509
OVER_SEGMENTATION,center_y_norm,0.4514,0.5486
OVER_SEGMENTATION,edge_distance_norm,0.5347,0.5347
OVER_SEGMENTATION,mask_area_px,0.4711,0.5289
OVER_SEGMENTATION,relative_mask_area,0.4711,0.5289
OVER_SEGMENTATION,bbox_area_px,0.4907,0.5093
POSSIBLE_UNANNOTATED_PANEL,solidity,0.3201,0.6799
POSSIBLE_UNANNOTATED_PANEL,neighbor_count_100px,0.6692,0.6692
POSSIBLE_UNANNOTATED_PANEL,compactness,0.3704,0.6296
POSSIBLE_UNANNOTATED_PANEL,aspect_ratio,0.6235,0.6235
POSSIBLE_UNANNOTATED_PANEL,bbox_height,0.3979,0.6021
POSSIBLE_UNANNOTATED_PANEL,score,0.4223,0.5777
POSSIBLE_UNANNOTATED_PANEL,mask_area_px,0.4261,0.5739
POSSIBLE_UNANNOTATED_PANEL,relative_mask_area,0.4261,0.5739
POSSIBLE_UNANNOTATED_PANEL,edge_distance_norm,0.5655,0.5655
POSSIBLE_UNANNOTATED_PANEL,center_y_norm,0.561,0.561
POSSIBLE_UNANNOTATED_PANEL,bbox_area_px,0.4482,0.5518
POSSIBLE_UNANNOTATED_PANEL,rectangularity,0.4817,0.5183
POSSIBLE_UNANNOTATED_PANEL,bbox_width,0.4863,0.5137
POSSIBLE_UNANNOTATED_PANEL,center_x_norm,0.4878,0.5122
TRUE_BACKGROUND,edge_distance_norm,0.3623,0.6377
TRUE_BACKGROUND,solidity,0.6169,0.6169
TRUE_BACKGROUND,rectangularity,0.5909,0.5909
TRUE_BACKGROUND,score,0.4104,0.5896
TRUE_BACKGROUND,center_y_norm,0.4273,0.5727
TRUE_BACKGROUND,aspect_ratio,0.439,0.561
TRUE_BACKGROUND,mask_area_px,0.5429,0.5429
TRUE_BACKGROUND,relative_mask_area,0.5429,0.5429
TRUE_BACKGROUND,bbox_area_px,0.5377,0.5377
TRUE_BACKGROUND,bbox_width,0.5325,0.5325
TRUE_BACKGROUND,bbox_height,0.5234,0.5234
TRUE_BACKGROUND,neighbor_count_100px,0.4838,0.5162
TRUE_BACKGROUND,center_x_norm,0.4896,0.5104
TRUE_BACKGROUND,compactness,0.4909,0.5091
