human_row,filename,human_label,score,max_iou_with_GT,max_iou_with_matched_prediction,diagnostic_category,prediction_index,mask_area_px,bbox_width,bbox_height,bbox_area_px,aspect_ratio,rectangularity,solidity,compactness,relative_mask_area,center_x_norm,center_y_norm,edge_distance_norm,neighbor_count_100px
0,461.0_1.0.png,TRUE_BACKGROUND,0.9896457195281982,0.0,0.0,BACKGROUND_LIKE,1,1779.0,59.13559,49.03888,2899.943,1.205892,0.6134603,0.9623549391452024,0.6971329139226449,0.00434326171875,0.54994774,0.6962176,0.3037824,0
1,200.0_1.0.png,DUPLICATE,0.9888916015625,0.0269933231144943,0.0,BACKGROUND_LIKE,3,1091.0,39.34973,37.056885,1458.1785,1.0618737,0.74819374,0.9630668536699393,0.776442281260896,0.00266357421875,0.5739676,0.86231625,0.13768375,1
2,200.0_1.0.png,TRUE_BACKGROUND,0.9866652488708496,0.0373058612346835,0.0,BACKGROUND_LIKE,4,1434.0,49.377808,40.106445,1980.3683,1.2311689,0.72410774,0.9568421052631579,0.7513477318074173,0.0035009765625,0.64322114,0.64501876,0.35498124,3
3,2489.0_1.0.png,DUPLICATE,0.9841910600662231,0.4336618650492798,0.0,AMBIGUOUS,3,1277.0,42.21289,52.381866,2211.19,0.8058684,0.5775171,0.963080587534736,0.7244564913484305,0.00311767578125,0.4423298,0.6325041,0.3674959,3
4,461.0_1.0.png,OVER_SEGMENTATION,0.9837533235549927,0.0,0.0,BACKGROUND_LIKE,2,1215.0,52.340584,37.860107,1981.6201,1.3824732,0.6131347,0.9578815679733111,0.659050428141721,0.00296630859375,0.17970768,0.30401337,0.17970768,0
5,200.0_1.0.png,POSSIBLE_UNANNOTATED_PANEL,0.9830811619758606,0.0285640160850953,0.0,BACKGROUND_LIKE,5,1207.0,46.740417,38.25766,1788.179,1.221727,0.6749884,0.957286432160804,0.7495803736009566,0.00294677734375,0.5130959,0.5905037,0.4094963,5
6,200.0_1.0.png,AMBIGUOUS,0.9828690886497498,0.1779331779331779,0.0,AMBIGUOUS,8,1603.0,51.62079,47.22461,2437.7715,1.0930909,0.6575678,0.9611163374098464,0.7915114009512673,0.00391357421875,0.9351524,0.9441227,0.055877328,1
7,779.0_1.0.png,TRUE_BACKGROUND,0.9827706813812256,0.3588463671658347,0.0,AMBIGUOUS,4,1689.0,47.295753,46.358192,2192.5457,1.0202243,0.77033746,0.9737635705669482,0.8023928717636838,0.00412353515625,0.21701944,0.10881643,0.10881643,0
8,200.0_1.0.png,DUPLICATE,0.9802036285400391,0.0347043367413304,0.0,BACKGROUND_LIKE,9,1334.0,47.882233,37.299515,1785.984,1.2837226,0.7469272,0.9642041127189642,0.7504692048355291,0.0032568359375,0.48966408,0.42913753,0.42913753,3
9,527.0_1.0.png,OVER_SEGMENTATION,0.9762763977050781,0.5552346570397112,0.3216583273766976,DUPLICATE_LIKE,6,1592.0,49.738647,55.79419,2775.1274,0.89146644,0.57366735,0.8817705299941759,0.6414183153250943,0.00388671875,0.90610635,0.45541343,0.09389365,3
10,527.0_1.0.png,OVER_SEGMENTATION,0.9729388952255249,0.4070262597586941,0.0,AMBIGUOUS,7,1173.0,33.38846,60.119095,2007.2839,0.55537194,0.58437175,0.9436860068259386,0.6439502239483732,0.00286376953125,0.6697939,0.39592505,0.3302061,2
11,461.0_1.0.png,OVER_SEGMENTATION,0.9716282486915588,0.0,0.0,BACKGROUND_LIKE,4,1087.0,38.41861,39.543884,1519.2211,0.97154367,0.71549827,0.9661813057773603,0.7908177828650934,0.00265380859375,0.48073396,0.5007168,0.48073396,0
12,49.0_1.0.png,DUPLICATE,0.9715661406517029,0.0,0.0,BACKGROUND_LIKE,7,1762.0,55.984467,58.53302,3276.94,0.9564596,0.5376968,0.9746908254242163,0.799118344090427,0.0043017578125,0.59916055,0.8601494,0.13985062,0
13,200.0_1.0.png,OVER_SEGMENTATION,0.9710386991500854,0.1282051282051282,0.0,AMBIGUOUS,10,805.0,34.36902,32.304993,1110.2909,1.0638919,0.7250352,0.9623964308476737,0.826941713551429,0.00196533203125,0.25567415,0.73379385,0.25567415,1
14,2489.0_1.0.png,POSSIBLE_UNANNOTATED_PANEL,0.9704543948173523,0.0,0.0,BACKGROUND_LIKE,10,1133.0,40.320618,49.699104,2003.8986,0.8112947,0.56539786,0.949468085106383,0.700922568536439,0.00276611328125,0.6870739,0.23483996,0.23483996,1
15,2488.0_1.0.png,AMBIGUOUS,0.967430830001831,0.4413854351687389,0.0,AMBIGUOUS,12,2066.0,65.10339,52.08667,3391.019,1.2499051,0.6092564,0.9544578313253012,0.6825434374599085,0.0050439453125,0.8146305,0.53558743,0.18536949,1
16,660.0_1.0.png,POSSIBLE_UNANNOTATED_PANEL,0.9620862603187561,0.0,0.0,BACKGROUND_LIKE,9,834.0,30.102737,36.051453,1085.2474,0.8349937,0.76848835,0.9524100061012812,0.7477693743818364,0.0020361328125,0.17344986,0.9468794,0.053120613,1
17,527.0_1.0.png,TRUE_BACKGROUND,0.9614312648773193,0.4859649122807017,0.0,AMBIGUOUS,9,1898.0,50.151062,70.80313,3550.8523,0.708317,0.53451955,0.9504716981132075,0.6661977676736419,0.0046337890625,0.78106093,0.5025792,0.21893907,4
18,222.0_1.0.png,TRUE_BACKGROUND,0.9526908993721008,0.4303728070175439,0.4968494013862634,DUPLICATE_LIKE,11,1577.0,46.35678,37.3136,1729.7383,1.2423562,0.91169864,0.9845952146837103,0.7894175862204537,0.00385009765625,0.8297226,0.5448283,0.17027742,3
19,2489.0_1.0.png,OVER_SEGMENTATION,0.9487816095352173,0.0,0.0,BACKGROUND_LIKE,16,700.0,30.951927,36.44638,1128.0857,0.84924555,0.62052023,0.9422382671480144,0.731957107371083,0.001708984375,0.13045684,0.64601785,0.13045684,2
20,879.0_1.0.png,TRUE_BACKGROUND,0.9459820985794067,0.1243436252888048,0.0991028875805999,AMBIGUOUS,1,14268.0,98.28189,166.17523,16332.016,0.59143525,0.8736215,0.9767798085291558,0.6981483864763838,0.034833984375,0.4977212,0.6278823,0.3721177,7
21,562.0_1.0.png,POSSIBLE_UNANNOTATED_PANEL,0.9432470202445984,0.0,0.0,BACKGROUND_LIKE,4,584.0,28.147125,25.175781,708.62585,1.1180239,0.82413024,0.9773755656108597,0.8199773648929912,0.00142578125,0.43356293,0.6765486,0.3234514,2
22,200.0_1.0.png,DUPLICATE,0.9372208118438721,0.0257811077291292,0.0,BACKGROUND_LIKE,11,991.0,35.78723,41.118774,1471.5271,0.87033796,0.67345005,0.972972972972973,0.8223146556064651,0.00241943359375,0.5821072,0.45374054,0.4178928,4
23,200.0_1.0.png,TRUE_BACKGROUND,0.936590850353241,0.1431998800419853,0.0,AMBIGUOUS,12,955.0,36.434647,38.47101,1401.6776,0.9470676,0.68132645,0.9528101802757158,0.7461594217292871,0.00233154296875,0.19510593,0.4349087,0.19510593,2
24,200.0_1.0.png,OVER_SEGMENTATION,0.9335710406303406,0.0269257785062046,0.0,BACKGROUND_LIKE,13,1035.0,39.931976,37.151062,1483.5154,1.0748543,0.6976672,0.9635108481262328,0.7886552457724127,0.00252685546875,0.54584855,0.708449,0.291551,3
25,222.0_1.0.png,TRUE_BACKGROUND,0.9335158467292786,0.3913759956056029,0.3728358208955223,DUPLICATE_LIKE,13,1425.0,34.432526,44.525543,1533.127,0.77332073,0.9294729,0.9822141560798548,0.7871308756254303,0.00347900390625,0.76044244,0.5432127,0.23955756,2
26,562.0_1.0.png,TRUE_BACKGROUND,0.9326216578483582,0.0,0.0,BACKGROUND_LIKE,5,635.0,31.871613,24.873047,792.74414,1.2813715,0.8010151,0.9492344883158743,0.76622641427837,0.00155029296875,0.5117687,0.6675388,0.33246118,2
27,2305.0_1.0.png,AMBIGUOUS,0.923711359500885,0.0,0.0,BACKGROUND_LIKE,11,1213.0,49.151184,41.15576,2022.8544,1.1942723,0.5996477,0.9664570230607966,0.7553560853744142,0.00296142578125,0.62982535,0.8106694,0.18933058,2
28,200.0_1.0.png,POSSIBLE_UNANNOTATED_PANEL,0.9221037030220032,0.124756335282651,0.0,AMBIGUOUS,14,832.0,38.077175,29.34439,1117.3516,1.2975963,0.74461794,0.9659020458772474,0.788027973334641,0.00203125,0.1295192,0.49060136,0.1295192,3
29,562.0_1.0.png,DUPLICATE,0.920695424079895,0.0,0.0,BACKGROUND_LIKE,6,1123.0,41.450867,31.810013,1318.5526,1.303076,0.8516915,0.9742883379247016,0.7854911115587284,0.00274169921875,0.5118559,0.3698767,0.3698767,2
30,1925.0_1.0.png,TRUE_BACKGROUND,0.9140943288803101,0.0,0.0,BACKGROUND_LIKE,3,955.0,28.432007,37.49147,1065.9578,0.7583594,0.89590794,0.9728555917480999,0.7694111468044987,0.00233154296875,0.6312529,0.13219027,0.13219027,0
31,200.0_1.0.png,POSSIBLE_UNANNOTATED_PANEL,0.8981233835220337,0.05470737913486,0.0,BACKGROUND_LIKE,15,2182.0,54.188477,54.654724,2961.6562,0.9914692,0.73674995,0.9670050761421319,0.7791383453164354,0.0053271484375,0.5070923,0.5234858,0.47651422,4
32,200.0_1.0.png,POSSIBLE_UNANNOTATED_PANEL,0.8950138688087463,0.1244341393397372,0.0,AMBIGUOUS,16,1175.0,58.626465,35.528442,2082.907,1.6501276,0.56411546,0.949849978568367,0.6238297092123267,0.00286865234375,0.935464,0.8740406,0.064535975,2
33,562.0_1.0.png,AMBIGUOUS,0.8757080435752869,0.0,0.0,BACKGROUND_LIKE,7,602.0,35.874527,20.095215,720.9063,1.7852273,0.83505994,0.9510729613733906,0.6989841704467457,0.0014697265625,0.40044793,0.46135727,0.40044793,3
34,200.0_1.0.png,TRUE_BACKGROUND,0.8714022636413574,0.1156235069278547,0.0,AMBIGUOUS,17,726.0,36.438232,28.795776,1049.2672,1.265402,0.69191146,0.9699355762347889,0.8045280708875192,0.0017724609375,0.24306989,0.65848553,0.24306989,2
35,2489.0_1.0.png,POSSIBLE_UNANNOTATED_PANEL,0.8638020753860474,0.0,0.0,BACKGROUND_LIKE,18,838.0,31.711792,41.12216,1304.0575,0.7711606,0.6426097,0.9526411657559198,0.7099255010819132,0.0020458984375,0.45658365,0.5540322,0.4459678,4
36,2305.0_1.0.png,POSSIBLE_UNANNOTATED_PANEL,0.8462753295898438,0.0,0.0,BACKGROUND_LIKE,13,812.0,39.544342,37.08368,1466.4497,1.0663543,0.55371827,0.9436183395291202,0.7321338838806752,0.001982421875,0.27565214,0.8109091,0.18909091,3
37,562.0_1.0.png,POSSIBLE_UNANNOTATED_PANEL,0.8398294448852539,0.0,0.0,BACKGROUND_LIKE,8,876.0,35.233887,30.52716,1075.5906,1.1541816,0.8144363,0.947520184544406,0.7602649362524434,0.002138671875,0.5489962,0.9757103,0.024289727,1
38,200.0_1.0.png,OVER_SEGMENTATION,0.836952805519104,0.0314004006347719,0.0,BACKGROUND_LIKE,18,1207.0,41.617462,37.313263,1552.8833,1.1153531,0.7772638,0.9748936170212766,0.8238510860566399,0.00294677734375,0.66610384,0.7228826,0.27711737,2
39,527.0_1.0.png,POSSIBLE_UNANNOTATED_PANEL,0.8335992693901062,0.341767640769779,0.0,AMBIGUOUS,12,973.0,29.236145,52.69281,1540.5347,0.5548413,0.6315989,0.9401753481175864,0.6474163037218821,0.00237548828125,0.7065533,0.3916691,0.29344672,2
40,1012.0_1.0.png,POSSIBLE_UNANNOTATED_PANEL,0.8128117322921753,0.3645398529119459,0.3651685393258427,DUPLICATE_LIKE,13,1906.0,93.991455,36.35498,3417.0576,2.5853803,0.55778986,0.7818026848497762,0.3660510842101813,0.0046533203125,0.22881195,0.8577142,0.14228582,4
41,200.0_1.0.png,TRUE_BACKGROUND,0.8076937794685364,0.0948342328450269,0.0,BACKGROUND_LIKE,19,931.0,55.301758,34.64328,1915.8342,1.5963199,0.48595017,0.9257875066737854,0.5298452197801848,0.00227294921875,0.9063203,0.76621807,0.093679726,1
42,461.0_1.0.png,TRUE_BACKGROUND,0.797252357006073,0.4211756847027388,0.4265279583875163,DUPLICATE_LIKE,7,1319.0,47.30468,44.323883,2096.727,1.0672504,0.6290757,0.9543205177007994,0.7476084889377306,0.00322021484375,0.22253378,0.61643285,0.22253378,3
43,2489.0_1.0.png,AMBIGUOUS,0.7623149156570435,0.0138159712627797,0.0,BACKGROUND_LIKE,19,1188.0,43.66481,41.918396,1830.3588,1.0416622,0.6490531,0.9542372881355933,0.728184776988004,0.002900390625,0.31164613,0.5358945,0.31164613,5
44,461.0_1.0.png,DUPLICATE,0.752259373664856,0.1717930793428871,0.2572322126661454,AMBIGUOUS,8,995.0,39.843117,38.661438,1540.3922,1.0305648,0.6459394,0.9489383215369059,0.7488143753537357,0.00242919921875,0.19913927,0.7997871,0.19913927,1
45,562.0_1.0.png,POSSIBLE_UNANNOTATED_PANEL,0.7413270473480225,0.0,0.0,BACKGROUND_LIKE,9,582.0,37.29059,19.655945,732.98175,1.8971659,0.794017,0.9535714285714286,0.6850764589194088,0.0014208984375,0.5393494,0.89689004,0.103109956,1
46,562.0_1.0.png,DUPLICATE,0.7274288535118103,0.0,0.0,BACKGROUND_LIKE,10,1619.0,72.08305,31.102325,2241.9507,2.3176098,0.722139,0.9551401869158879,0.5788640945104122,0.00395263671875,0.2576448,0.6325799,0.2576448,1
47,2305.0_1.0.png,TRUE_BACKGROUND,0.7128386497497559,0.0,0.0,BACKGROUND_LIKE,15,939.0,60.05626,35.072723,2106.3367,1.7123352,0.44579768,0.9089016137428423,0.4937849732746872,0.00229248046875,0.29157433,0.57968694,0.29157433,4
48,49.0_1.0.png,OVER_SEGMENTATION,0.7121321558952332,0.0,0.0,BACKGROUND_LIKE,9,1008.0,39.58551,41.575714,1645.7959,0.9521306,0.6124696,0.9367336929867582,0.7614741805997692,0.0024609375,0.84359837,0.78116024,0.15640163,0
49,206.0_1.0.png,TRUE_BACKGROUND,0.6848265528678894,0.0,0.0,BACKGROUND_LIKE,6,358.0,14.255432,30.305267,432.01468,0.47039452,0.82867557,0.9710806697108066,0.6507648834605388,0.0008740234375,0.988863,0.25375333,0.011137009,1
50,1913.0_1.0.png,TRUE_BACKGROUND,0.6767968535423279,0.0,0.0,BACKGROUND_LIKE,15,747.0,37.771576,29.572144,1116.9865,1.2772688,0.6687637,0.9674740484429065,0.7755115080905807,0.00182373046875,0.48589355,0.859169,0.140831,0
51,1012.0_1.0.png,TRUE_BACKGROUND,0.6358925700187683,0.0,0.0,BACKGROUND_LIKE,15,1154.0,75.41951,26.297424,1983.3389,2.8679428,0.58184713,0.9114516815666242,0.42932894872866306,0.0028173828125,0.26500082,0.5986146,0.26500082,5
52,200.0_1.0.png,TRUE_BACKGROUND,0.6277491450309753,0.0,0.0,BACKGROUND_LIKE,20,1067.0,36.878544,36.488556,1345.6448,1.010688,0.79292846,0.9659961685823755,0.8064920669134669,0.00260498046875,0.08800534,0.6401285,0.08800534,2
53,461.0_1.0.png,TRUE_BACKGROUND,0.6269139647483826,0.3242599523647499,0.3115021179537308,DUPLICATE_LIKE,9,956.0,36.81595,38.08368,1402.0868,0.966712,0.68184084,0.9678111587982833,0.8196278066861248,0.002333984375,0.14821388,0.63664,0.14821388,3
54,23.0_1.0.png,TRUE_BACKGROUND,0.6171936392784119,0.4019461077844311,0.3675658108547286,DUPLICATE_LIKE,5,1152.0,31.6344,49.430847,1563.7152,0.6399728,0.73670703,0.9443720121686223,0.6707799554753987,0.0028125,0.46979928,0.85031605,0.14968395,1
55,562.0_1.0.png,POSSIBLE_UNANNOTATED_PANEL,0.6095343232154846,0.0,0.0,BACKGROUND_LIKE,11,761.0,43.787872,22.3208,977.3804,1.9617518,0.7786119,0.9631901840490797,0.6728346614165731,0.00185791015625,0.49434376,0.5460545,0.45394552,3
56,200.0_1.0.png,TRUE_BACKGROUND,0.591724157333374,0.0,0.0,BACKGROUND_LIKE,21,1184.0,57.756073,31.757324,1834.1783,1.8186693,0.6455206,0.9542343883661248,0.6710918974669069,0.002890625,0.6896434,0.96008956,0.039910436,1
57,779.0_1.0.png,DUPLICATE,0.5875887870788574,0.3055414336553126,0.0052687038988408,AMBIGUOUS,31,639.0,38.976227,20.75763,809.0541,1.877682,0.78981125,0.9515347334410339,0.6761361471354163,0.00156005859375,0.62400734,0.8355858,0.16441423,3
58,2305.0_1.0.png,DUPLICATE,0.5795732736587524,0.0,0.0,BACKGROUND_LIKE,16,1160.0,38.839157,44.928345,1744.979,0.86446893,0.66476446,0.9581881533101045,0.7540231279367228,0.00283203125,0.36774167,0.7823075,0.2176925,1
59,200.0_1.0.png,AMBIGUOUS,0.5493301153182983,0.1146759271257159,0.0,AMBIGUOUS,22,4573.0,66.947815,129.34067,8659.075,0.5176084,0.52811646,0.933417614833544,0.58047537057764,0.01116455078125,0.50263107,0.51286376,0.48713624,4
60,879.0_1.0.png,POSSIBLE_UNANNOTATED_PANEL,0.5376588106155396,0.2861743731308949,0.3242682645770915,DUPLICATE_LIKE,7,4339.0,91.06012,62.429108,5684.8022,1.4586164,0.76326317,0.7868556210766597,0.2559059803794689,0.01059326171875,0.49515733,0.56648576,0.43351424,6
61,779.0_1.0.png,POSSIBLE_UNANNOTATED_PANEL,0.5164793729782104,0.4975099601593625,0.5935231714126187,DUPLICATE_LIKE,33,1787.0,93.2446,30.561218,2849.6685,3.051076,0.6270905,0.9220708446866485,0.5122207068889889,0.00436279296875,0.54129636,0.5795717,0.42042828,5
62,779.0_1.0.png,TRUE_BACKGROUND,0.5080662369728088,0.3252257676098736,0.2760175481355106,AMBIGUOUS,34,8206.0,85.34471,116.4826,9941.174,0.73268205,0.82545584,0.9697116256574573,0.6304459690141203,0.0200341796875,0.069754615,0.26404917,0.069754615,3
