model,filename,score_threshold,gt_count,pred_count,count_error,gt_area,pred_area,area_error,TP,FP,FN,mean_matched_iou
background_aware_epoch_10,100.0_1.0.png,0.75,18,22,4,28508,34429,5921,14,8,4,0.769767518370039
background_aware_epoch_10,106.0_1.0.png,0.75,19,17,-2,21882,21281,-601,13,4,6,0.7277649751539731
background_aware_epoch_10,110.0_1.0.png,0.75,13,12,-1,15718,17010,1292,11,1,2,0.8198848688433245
background_aware_epoch_10,122.0_1.0.png,0.75,9,9,0,22346,22813,467,9,0,0,0.8826099882750387
background_aware_epoch_10,125.0_1.0.png,0.75,9,8,-1,10233,12845,2612,7,1,2,0.747458102836957
background_aware_epoch_10,141.0_1.0.png,0.75,18,18,0,22804,22833,29,16,2,2,0.8437277376681132
background_aware_epoch_10,153.0_1.0.png,0.75,24,28,4,40711,45536,4825,20,8,4,0.8007070896530373
background_aware_epoch_10,170.0_1.0.png,0.75,15,17,2,21599,28501,6902,11,6,4,0.83972316246868
background_aware_epoch_10,177.0_1.0.png,0.75,7,8,1,10542,12269,1727,7,1,0,0.8128247987504444
background_aware_epoch_10,191.0_1.0.png,0.75,4,2,-2,7060,4972,-2088,2,0,2,0.8642100325466413
background_aware_epoch_10,197.0_1.0.png,0.75,7,10,3,16976,12648,-4328,3,7,4,0.7793117882060621
background_aware_epoch_10,209.0_1.0.png,0.75,13,22,9,53497,30739,-22758,10,12,3,0.7964276482241747
background_aware_epoch_10,214.0_1.0.png,0.75,1,0,-1,21464,0,-21464,0,0,1,0.0
background_aware_epoch_10,216.0_1.0.png,0.75,11,14,3,40334,18304,-22030,5,9,6,0.8136367753140028
background_aware_epoch_10,217.0_1.0.png,0.75,6,18,12,91045,33950,-57095,2,16,4,0.7652699314780724
background_aware_epoch_10,259.0_1.0.png,0.75,10,15,5,21266,22697,1431,9,6,1,0.7485486786428821
background_aware_epoch_10,268.0_1.0.png,0.75,11,11,0,15375,18084,2709,10,1,1,0.7772526786765516
background_aware_epoch_10,272.0_1.0.png,0.75,8,17,9,115294,21834,-93460,2,15,6,0.8565329107217385
background_aware_epoch_10,286.0_1.0.png,0.75,17,21,4,27159,38318,11159,16,5,1,0.7668819919651331
background_aware_epoch_10,299.0_1.0.png,0.75,16,20,4,19990,28746,8756,13,7,3,0.7702950813363328
background_aware_epoch_10,305.0_1.0.png,0.75,5,9,4,18019,10883,-7136,3,6,2,0.7491816793024765
background_aware_epoch_10,312.0_1.0.png,0.75,4,5,1,7715,5311,-2404,3,2,1,0.7604818944708622
background_aware_epoch_10,315.0_1.0.png,0.75,21,23,2,33448,35831,2383,19,4,2,0.8010962540817168
background_aware_epoch_10,316.0_1.0.png,0.75,18,22,4,28851,29677,826,10,12,8,0.7185790938824843
background_aware_epoch_10,322.0_1.0.png,0.75,19,36,17,89641,61209,-28432,15,21,4,0.7994942879958115
background_aware_epoch_10,333.0_1.0.png,0.75,14,20,6,36668,40422,3754,12,8,2,0.8021315720792622
background_aware_epoch_10,335.0_1.0.png,0.75,18,22,4,43786,35261,-8525,12,10,6,0.794493539349606
background_aware_epoch_10,343.0_1.0.png,0.75,10,12,2,8901,14952,6051,9,3,1,0.7399833262008683
background_aware_epoch_10,348.0_1.0.png,0.75,6,10,4,68741,71118,2377,6,4,0,0.7764681921184377
background_aware_epoch_10,354.0_1.0.png,0.75,6,8,2,6842,8547,1705,4,4,2,0.7999319814240233
background_aware_epoch_10,355.0_1.0.png,0.75,2,2,0,5683,5338,-345,1,1,1,0.8345445736434108
background_aware_epoch_10,360.0_1.0.png,0.75,17,22,5,59251,47047,-12204,13,9,4,0.771095362523628
background_aware_epoch_10,362.0_1.0.png,0.75,5,7,2,8534,9766,1232,4,3,1,0.7589811126865146
background_aware_epoch_10,377.0_1.0.png,0.75,17,28,11,29839,41615,11776,14,14,3,0.7846461824655137
background_aware_epoch_10,39.0_1.0.png,0.75,3,5,2,2905,5498,2593,3,2,0,0.8032049213569459
background_aware_epoch_10,393.0_1.0.png,0.75,4,7,3,13945,19077,5132,4,3,0,0.855713036293694
background_aware_epoch_10,414.0_1.0.png,0.75,14,15,1,14430,17065,2635,14,1,0,0.7961232185841751
background_aware_epoch_10,42.0_1.0.png,0.75,11,18,7,51677,27440,-24237,7,11,4,0.788977050864825
background_aware_epoch_10,434.0_1.0.png,0.75,4,12,8,8233,15813,7580,2,10,2,0.7954764295116346
background_aware_epoch_10,440.0_1.0.png,0.75,7,16,9,19244,17088,-2156,2,14,5,0.7725188484603074
background_aware_epoch_10,443.0_1.0.png,0.75,9,11,2,15391,17223,1832,9,2,0,0.7726237110758443
background_aware_epoch_10,444.0_1.0.png,0.75,11,13,2,36404,26332,-10072,8,5,3,0.7372458563169231
background_aware_epoch_10,447.0_1.0.png,0.75,5,5,0,4985,6480,1495,5,0,0,0.7519771570284425
background_aware_epoch_10,456.0_1.0.png,0.75,10,16,6,14649,16931,2282,8,8,2,0.7951841839639231
background_aware_epoch_10,457.0_1.0.png,0.75,7,7,0,8877,8294,-583,4,3,3,0.7299319418581097
background_aware_epoch_10,460.0_1.0.png,0.75,7,20,13,71694,35098,-36596,3,17,4,0.7169715650167322
background_aware_epoch_10,462.0_1.0.png,0.75,4,9,5,5127,9921,4794,3,6,1,0.7737195294416591
background_aware_epoch_10,471.0_1.0.png,0.75,9,10,1,15625,20085,4460,8,2,1,0.7511669892013778
background_aware_epoch_10,476.0_1.0.png,0.75,5,8,3,10845,18161,7316,4,4,1,0.7661543619706566
background_aware_epoch_10,477.0_1.0.png,0.75,2,5,3,9591,7515,-2076,1,4,1,0.5222830336200156
background_aware_epoch_10,491.0_1.0.png,0.75,8,12,4,14977,18321,3344,8,4,0,0.7563914789442259
background_aware_epoch_10,501.0_1.0.png,0.75,10,16,6,9289,16899,7610,10,6,0,0.7518786376373334
background_aware_epoch_10,503.0_1.0.png,0.75,7,21,14,19855,30309,10454,2,19,5,0.7565113663820648
background_aware_epoch_10,51.0_1.0.png,0.75,5,12,7,4628,15988,11360,5,7,0,0.7958003616826097
background_aware_epoch_10,511.0_1.0.png,0.75,4,8,4,4814,9309,4495,4,4,0,0.693674017504435
background_aware_epoch_10,521.0_1.0.png,0.75,8,10,2,13918,14928,1010,7,3,1,0.7311902400726484
background_aware_epoch_10,545.0_1.0.png,0.75,16,21,5,19431,27033,7602,15,6,1,0.7409630742845214
background_aware_epoch_10,56.0_1.0.png,0.75,7,8,1,11782,9933,-1849,5,3,2,0.7894203786569353
background_aware_epoch_10,563.0_1.0.png,0.75,15,19,4,22941,22726,-215,13,6,2,0.6984035941632267
background_aware_epoch_10,573.0_1.0.png,0.75,6,8,2,7121,12495,5374,6,2,0,0.6953839335092717
background_aware_epoch_10,588.0_1.0.png,0.75,22,25,3,28680,26049,-2631,17,8,5,0.7627648995914359
background_aware_epoch_10,61.0_1.0.png,0.75,30,42,12,73692,69212,-4480,23,19,7,0.7612982348928261
background_aware_epoch_10,614.0_1.0.png,0.75,11,15,4,16553,26666,10113,9,6,2,0.712330803688061
background_aware_epoch_10,617.0_1.0.png,0.75,5,10,5,10915,12401,1486,3,7,2,0.7786598359977807
background_aware_epoch_10,64.0_1.0.png,0.75,4,4,0,4373,5002,629,4,0,0,0.7115583439739102
background_aware_epoch_10,1000.0_1.0.png,0.75,30,32,2,32064,45864,13800,22,10,8,0.8437044218847702
background_aware_epoch_10,1010.0_1.0.png,0.75,5,6,1,9310,9771,461,4,2,1,0.8644442470913694
background_aware_epoch_10,1021.0_1.0.png,0.75,13,11,-2,33034,75105,42071,9,2,4,0.8150124403727923
background_aware_epoch_10,1027.0_1.0.png,0.75,19,21,2,18191,24145,5954,17,4,2,0.8099614372085034
background_aware_epoch_10,1029.0_1.0.png,0.75,18,19,1,23101,29342,6241,17,2,1,0.8158786056281127
background_aware_epoch_10,1035.0_1.0.png,0.75,8,8,0,10143,9549,-594,7,1,1,0.849179370353586
background_aware_epoch_10,1041.0_1.0.png,0.75,9,11,2,8895,13080,4185,7,4,2,0.795165447871202
background_aware_epoch_10,1044.0_1.0.png,0.75,3,5,2,5532,8010,2478,3,2,0,0.8884469739261766
background_aware_epoch_10,1049.0_1.0.png,0.75,21,22,1,21779,27121,5342,20,2,1,0.8166042202001271
background_aware_epoch_10,1051.0_1.0.png,0.75,9,7,-2,10694,7813,-2881,6,1,3,0.7996224519401598
background_aware_epoch_10,1056.0_1.0.png,0.75,21,33,12,30195,45219,15024,19,14,2,0.8416312765173778
background_aware_epoch_10,1075.0_1.0.png,0.75,6,6,0,13282,15429,2147,6,0,0,0.8382712779595286
background_aware_epoch_10,1106.0_1.0.png,0.75,11,13,2,11495,14014,2519,10,3,1,0.8344462359400022
background_aware_epoch_10,1126.0_1.0.png,0.75,11,10,-1,15168,13737,-1431,9,1,2,0.8551187673001365
background_aware_epoch_10,1154.0_1.0.png,0.75,12,9,-3,27347,25948,-1399,9,0,3,0.8451982867212684
background_aware_epoch_10,1159.0_1.0.png,0.75,11,12,1,34264,36202,1938,11,1,0,0.8706447165326683
background_aware_epoch_10,1162.0_1.0.png,0.75,11,10,-1,12446,12887,441,9,1,2,0.8229376194595148
background_aware_epoch_10,1189.0_1.0.png,0.75,17,20,3,19152,27993,8841,15,5,2,0.7648042812956867
background_aware_epoch_10,1198.0_1.0.png,0.75,19,14,-5,19619,20598,979,12,2,7,0.7570877424556629
background_aware_epoch_10,1233.0_1.0.png,0.75,14,22,8,19719,30018,10299,14,8,0,0.8373381308783797
background_aware_epoch_10,1239.0_1.0.png,0.75,12,14,2,19273,24164,4891,12,2,0,0.8410989924927583
background_aware_epoch_10,1242.0_1.0.png,0.75,28,30,2,33021,38846,5825,28,2,0,0.828613799225208
background_aware_epoch_10,1245.0_1.0.png,0.75,15,17,2,15864,18421,2557,15,2,0,0.8257309069258928
background_aware_epoch_10,1250.0_1.0.png,0.75,8,6,-2,7031,10700,3669,5,1,3,0.8077005044689413
background_aware_epoch_10,627.0_1.0.png,0.75,7,9,2,11845,16509,4664,7,2,0,0.8608545037382915
background_aware_epoch_10,631.0_1.0.png,0.75,7,10,3,12681,20462,7781,7,3,0,0.8405933334387506
background_aware_epoch_10,645.0_1.0.png,0.75,15,12,-3,16368,13148,-3220,12,0,3,0.7879714091731369
background_aware_epoch_10,648.0_1.0.png,0.75,10,7,-3,8863,14386,5523,6,1,4,0.8221763548708879
background_aware_epoch_10,649.0_1.0.png,0.75,44,42,-2,62402,60005,-2397,32,10,12,0.7947097350730055
background_aware_epoch_10,652.0_1.0.png,0.75,10,7,-3,11187,8588,-2599,7,0,3,0.7680619026085462
background_aware_epoch_10,665.0_1.0.png,0.75,12,11,-1,12084,14714,2630,10,1,2,0.7447386721199839
background_aware_epoch_10,671.0_1.0.png,0.75,29,28,-1,35328,37136,1808,27,1,2,0.8240968053534866
background_aware_epoch_10,684.0_1.0.png,0.75,16,13,-3,15747,16209,462,13,0,3,0.8027711348740134
background_aware_epoch_10,688.0_1.0.png,0.75,9,5,-4,12634,9327,-3307,5,0,4,0.7763982857952983
background_aware_epoch_10,689.0_1.0.png,0.75,23,16,-7,21125,17057,-4068,14,2,9,0.7651613531505467
background_aware_epoch_10,693.0_1.0.png,0.75,25,8,-17,26727,12008,-14719,7,1,18,0.7637978070020751
background_aware_epoch_10,703.0_1.0.png,0.75,28,24,-4,32112,29009,-3103,24,0,4,0.7707032950564591
background_aware_epoch_10,704.0_1.0.png,0.75,15,12,-3,16866,14266,-2600,11,1,4,0.8443668777297695
background_aware_epoch_10,719.0_1.0.png,0.75,11,12,1,9734,10837,1103,11,1,0,0.8027758301737505
background_aware_epoch_10,725.0_1.0.png,0.75,2,1,-1,1941,1245,-696,1,0,1,0.835
background_aware_epoch_10,731.0_1.0.png,0.75,12,12,0,27934,29278,1344,12,0,0,0.8269714967512192
background_aware_epoch_10,737.0_1.0.png,0.75,36,21,-15,50215,42866,-7349,18,3,18,0.7954665292180576
background_aware_epoch_10,746.0_1.0.png,0.75,5,4,-1,6176,5420,-756,4,0,1,0.8675867698810574
background_aware_epoch_10,753.0_1.0.png,0.75,34,30,-4,43257,50131,6874,25,5,9,0.7692405007892306
background_aware_epoch_10,754.0_1.0.png,0.75,18,15,-3,28505,25284,-3221,14,1,4,0.810676315980029
background_aware_epoch_10,761.0_1.0.png,0.75,14,10,-4,20352,12351,-8001,9,1,5,0.7820164648088163
background_aware_epoch_10,766.0_1.0.png,0.75,6,3,-3,6444,3332,-3112,3,0,3,0.8142270474223118
background_aware_epoch_10,769.0_1.0.png,0.75,5,4,-1,4198,3641,-557,4,0,1,0.823724918747658
background_aware_epoch_10,774.0_1.0.png,0.75,15,13,-2,14716,15474,758,12,1,3,0.8286727786017941
background_aware_epoch_10,780.0_1.0.png,0.75,16,15,-1,19144,18996,-148,15,0,1,0.8374681499718645
background_aware_epoch_10,827.0_1.0.png,0.75,9,11,2,15567,18352,2785,6,5,3,0.7931153233013069
background_aware_epoch_10,829.0_1.0.png,0.75,17,13,-4,17876,16283,-1593,12,1,5,0.7902536358918036
background_aware_epoch_10,834.0_1.0.png,0.75,6,6,0,47565,50663,3098,6,0,0,0.8892441778465838
background_aware_epoch_10,835.0_1.0.png,0.75,8,7,-1,10041,10012,-29,4,3,4,0.7552559006446612
background_aware_epoch_10,836.0_1.0.png,0.75,12,8,-4,15383,12232,-3151,8,0,4,0.8199407177651639
background_aware_epoch_10,843.0_1.0.png,0.75,12,10,-2,17290,16154,-1136,10,0,2,0.8090511827241631
background_aware_epoch_10,844.0_1.0.png,0.75,28,25,-3,31838,29093,-2745,24,1,4,0.7834359551420902
background_aware_epoch_10,847.0_1.0.png,0.75,34,29,-5,41459,47409,5950,25,4,9,0.8436086524935773
background_aware_epoch_10,856.0_1.0.png,0.75,21,15,-6,40259,26127,-14132,14,1,7,0.7544434207095065
background_aware_epoch_10,877.0_1.0.png,0.75,30,30,0,59574,54031,-5543,22,8,8,0.7577241634496491
background_aware_epoch_10,889.0_1.0.png,0.75,34,34,0,52907,46944,-5963,31,3,3,0.7463185439733634
background_aware_epoch_10,890.0_1.0.png,0.75,6,4,-2,6226,4860,-1366,4,0,2,0.8170936642614581
background_aware_epoch_10,891.0_1.0.png,0.75,12,12,0,15837,17684,1847,12,0,0,0.7798858298701178
background_aware_epoch_10,936.0_1.0.png,0.75,3,3,0,4048,3834,-214,3,0,0,0.8251851261999095
background_aware_epoch_10,951.0_1.0.png,0.75,15,16,1,21582,30725,9143,14,2,1,0.8453429123355759
background_aware_epoch_10,953.0_1.0.png,0.75,25,21,-4,29514,34503,4989,20,1,5,0.7803074687091534
background_aware_epoch_10,974.0_1.0.png,0.75,4,4,0,7451,5495,-1956,3,1,1,0.816412855652521
background_aware_epoch_10,1263.0_1.0.png,0.75,6,6,0,7725,8087,362,6,0,0,0.8073825362994774
background_aware_epoch_10,1280.0_1.0.png,0.75,10,9,-1,8078,8216,138,9,0,1,0.7691223927039698
background_aware_epoch_10,1292.0_1.0.png,0.75,28,25,-3,32403,37965,5562,23,2,5,0.7751209019812911
background_aware_epoch_10,1296.0_1.0.png,0.75,24,19,-5,27324,23941,-3383,19,0,5,0.750046466477043
background_aware_epoch_10,1331.0_1.0.png,0.75,16,11,-5,19150,11850,-7300,10,1,6,0.745676054692808
background_aware_epoch_10,1332.0_1.0.png,0.75,17,17,0,20099,18675,-1424,13,4,4,0.7858788250412958
background_aware_epoch_10,1357.0_1.0.png,0.75,6,3,-3,4822,3035,-1787,3,0,3,0.7922732856801443
background_aware_epoch_10,1382.0_1.0.png,0.75,8,5,-3,19032,17428,-1604,4,1,4,0.8155004171331781
background_aware_epoch_10,1388.0_1.0.png,0.75,42,37,-5,49486,49956,470,35,2,7,0.7845492317766221
background_aware_epoch_10,1393.0_1.0.png,0.75,21,18,-3,25703,25875,172,17,1,4,0.7484201036883846
background_aware_epoch_10,1397.0_1.0.png,0.75,25,24,-1,25317,22934,-2383,24,0,1,0.760622665581427
background_aware_epoch_10,1412.0_1.0.png,0.75,24,19,-5,31158,36364,5206,16,3,8,0.7504582294594807
background_aware_epoch_10,1455.0_1.0.png,0.75,16,14,-2,25458,23597,-1861,14,0,2,0.7629834596903342
background_aware_epoch_10,1459.0_1.0.png,0.75,20,19,-1,20698,25451,4753,16,3,4,0.7816777122265808
background_aware_epoch_10,1474.0_1.0.png,0.75,12,12,0,27190,29682,2492,10,2,2,0.7612765008480354
background_aware_epoch_10,1485.0_1.0.png,0.75,41,31,-10,58135,49625,-8510,31,0,10,0.8025883697867491
background_aware_epoch_10,1486.0_1.0.png,0.75,16,12,-4,19985,25607,5622,11,1,5,0.8107937730775826
background_aware_epoch_10,1490.0_1.0.png,0.75,11,6,-5,5930,7154,1224,3,3,8,0.8420025332958216
background_aware_epoch_10,1498.0_1.0.png,0.75,12,9,-3,14307,9782,-4525,8,1,4,0.7768273164328305
background_aware_epoch_10,1520.0_1.0.png,0.75,1,1,0,1527,1759,232,1,0,0,0.7609860664523044
background_aware_epoch_10,1533.0_1.0.png,0.75,24,22,-2,35759,28332,-7427,22,0,2,0.7402046031000163
background_aware_epoch_10,1535.0_1.0.png,0.75,14,11,-3,19168,13811,-5357,11,0,3,0.7831417892058622
background_aware_epoch_10,1554.0_1.0.png,0.75,33,23,-10,50062,44859,-5203,22,1,11,0.8143868232037651
background_aware_epoch_10,1556.0_1.0.png,0.75,12,10,-2,16463,10030,-6433,8,2,4,0.8023304194938832
background_aware_epoch_10,1558.0_1.0.png,0.75,19,15,-4,19747,15766,-3981,14,1,5,0.7785361159797938
background_aware_epoch_10,1560.0_1.0.png,0.75,29,22,-7,36961,26747,-10214,18,4,11,0.7794027814119671
background_aware_epoch_10,1567.0_1.0.png,0.75,17,10,-7,34598,22177,-12421,9,1,8,0.724346729385034
background_aware_epoch_10,1580.0_1.0.png,0.75,34,24,-10,46442,31709,-14733,23,1,11,0.7181564139124224
background_aware_epoch_10,1624.0_1.0.png,0.75,40,37,-3,61069,65178,4109,32,5,8,0.7517419375517538
background_aware_epoch_10,1638.0_1.0.png,0.75,30,32,2,51511,49297,-2214,27,5,3,0.734570884126733
background_aware_epoch_10,1639.0_1.0.png,0.75,9,5,-4,17820,6818,-11002,4,1,5,0.6567810706573658
background_aware_epoch_10,1646.0_1.0.png,0.75,5,4,-1,5956,3930,-2026,4,0,1,0.6975051323277748
background_aware_epoch_10,1647.0_1.0.png,0.75,8,9,1,21060,17885,-3175,7,2,1,0.7536656510443163
background_aware_epoch_10,1653.0_1.0.png,0.75,8,9,1,35906,38965,3059,8,1,0,0.7753671870168883
background_aware_epoch_10,1668.0_1.0.png,0.75,10,9,-1,11668,10228,-1440,9,0,1,0.7603262682320096
background_aware_epoch_10,1671.0_1.0.png,0.75,17,12,-5,18700,20425,1725,11,1,6,0.7622228442701608
background_aware_epoch_10,1687.0_1.0.png,0.75,9,6,-3,13211,8586,-4625,6,0,3,0.7265384320395638
background_aware_epoch_10,1722.0_1.0.png,0.75,24,15,-9,32987,17672,-15315,13,2,11,0.7503481344201344
background_aware_epoch_10,1732.0_1.0.png,0.75,34,28,-6,53693,40330,-13363,23,5,11,0.7024003742602042
background_aware_epoch_10,1733.0_1.0.png,0.75,33,24,-9,79746,52430,-27316,20,4,13,0.717581275808149
background_aware_epoch_10,1735.0_1.0.png,0.75,8,8,0,15047,10304,-4743,6,2,2,0.6765258699444253
background_aware_epoch_10,1737.0_1.0.png,0.75,10,3,-7,12026,4044,-7982,3,0,7,0.6482082861928045
background_aware_epoch_10,1738.0_1.0.png,0.75,12,7,-5,24026,12423,-11603,7,0,5,0.6624444813491851
background_aware_epoch_10,1758.0_1.0.png,0.75,18,18,0,30376,34487,4111,17,1,1,0.79801343301478
background_aware_epoch_10,1769.0_1.0.png,0.75,26,22,-4,32018,29098,-2920,22,0,4,0.798860761381891
background_aware_epoch_10,1784.0_1.0.png,0.75,15,14,-1,18754,19243,489,12,2,3,0.7640534661381695
background_aware_epoch_10,1800.0_1.0.png,0.75,8,7,-1,8282,8982,700,7,0,1,0.7372957165547935
background_aware_epoch_10,1821.0_1.0.png,0.75,21,17,-4,22468,20831,-1637,17,0,4,0.7300356209562539
background_aware_epoch_10,1843.0_1.0.png,0.75,25,0,-25,104698,0,-104698,0,0,25,0.0
background_aware_epoch_10,1845.0_1.0.png,0.75,19,18,-1,19500,20988,1488,17,1,2,0.7810086590021305
background_aware_epoch_10,1855.0_1.0.png,0.75,32,29,-3,40587,44739,4152,28,1,4,0.7842010119688564
background_aware_epoch_10,1863.0_1.0.png,0.75,4,2,-2,8919,3410,-5509,1,1,3,0.8347386172006745
background_aware_epoch_10,1864.0_1.0.png,0.75,33,33,0,40415,47788,7373,29,4,4,0.790729502642867
background_aware_epoch_10,1885.0_1.0.png,0.75,8,14,6,8285,13464,5179,8,6,0,0.7329055475915345
background_aware_epoch_10,1887.0_1.0.png,0.75,14,15,1,23686,24783,1097,11,4,3,0.6639997847936724
background_aware_epoch_10,1899.0_1.0.png,0.75,9,9,0,7524,9722,2198,7,2,2,0.7204657799835926
background_aware_epoch_10,1900.0_1.0.png,0.75,11,10,-1,11266,11740,474,9,1,2,0.7390165234113746
background_aware_epoch_10,1918.0_1.0.png,0.75,4,6,2,4609,9851,5242,4,2,0,0.7901025739162156
background_aware_epoch_10,1923.0_1.0.png,0.75,11,6,-5,10528,7629,-2899,5,1,6,0.7081320075057265
background_aware_epoch_10,1942.0_1.0.png,0.75,5,9,4,5053,10464,5411,4,5,1,0.7748235046098453
background_aware_epoch_10,1943.0_1.0.png,0.75,19,23,4,28908,34303,5395,19,4,0,0.7670617140653214
background_aware_epoch_10,1952.0_1.0.png,0.75,10,11,1,16677,13254,-3423,7,4,3,0.6634997951715871
background_aware_epoch_10,1977.0_1.0.png,0.75,4,4,0,6907,6945,38,4,0,0,0.770697326895963
background_aware_epoch_10,1994.0_1.0.png,0.75,25,26,1,52991,61098,8107,22,4,3,0.7563771604045443
background_aware_epoch_10,1995.0_1.0.png,0.75,8,16,8,18520,29392,10872,5,11,3,0.7321178432953113
background_aware_epoch_10,1996.0_1.0.png,0.75,8,15,7,22010,35367,13357,6,9,2,0.8018849102962782
background_aware_epoch_10,2007.0_1.0.png,0.75,5,9,4,6230,11721,5491,4,5,1,0.7396910950880725
background_aware_epoch_10,2027.0_1.0.png,0.75,12,14,2,22077,22946,869,12,2,0,0.7318396817381388
background_aware_epoch_10,2050.0_1.0.png,0.75,8,12,4,7829,12609,4780,6,6,2,0.6425093692031726
background_aware_epoch_10,2056.0_1.0.png,0.75,14,14,0,15623,17264,1641,13,1,1,0.7660560885564662
background_aware_epoch_10,2075.0_1.0.png,0.75,15,24,9,23223,33125,9902,15,9,0,0.7900729589329554
background_aware_epoch_10,2085.0_1.0.png,0.75,8,16,8,13195,19866,6671,7,9,1,0.7325582081074133
background_aware_epoch_10,2093.0_1.0.png,0.75,8,11,3,8908,12687,3779,8,3,0,0.7208301228852906
background_aware_epoch_10,2111.0_1.0.png,0.75,14,16,2,19950,20909,959,13,3,1,0.7019463980508369
background_aware_epoch_10,2125.0_1.0.png,0.75,25,31,6,31471,33791,2320,20,11,5,0.6673855184741171
background_aware_epoch_10,2167.0_1.0.png,0.75,13,15,2,27570,19992,-7578,12,3,1,0.7438894793780485
background_aware_epoch_10,2173.0_1.0.png,0.75,5,5,0,7498,6650,-848,5,0,0,0.684459894635161
background_aware_epoch_10,2178.0_1.0.png,0.75,10,14,4,15053,18019,2966,8,6,2,0.6693086742690804
background_aware_epoch_10,2188.0_1.0.png,0.75,9,13,4,10883,13878,2995,9,4,0,0.6814300797827386
background_aware_epoch_10,2194.0_1.0.png,0.75,22,27,5,44084,47896,3812,18,9,4,0.8095479907477778
background_aware_epoch_10,2203.0_1.0.png,0.75,15,18,3,22759,24904,2145,15,3,0,0.7593335135717519
background_aware_epoch_10,2206.0_1.0.png,0.75,9,9,0,10939,10850,-89,7,2,2,0.7782209698399079
background_aware_epoch_10,2214.0_1.0.png,0.75,14,18,4,32426,34855,2429,13,5,1,0.8002362461518054
background_aware_epoch_10,2215.0_1.0.png,0.75,15,19,4,14964,19732,4768,14,5,1,0.747567473026032
background_aware_epoch_10,2216.0_1.0.png,0.75,4,6,2,4901,6836,1935,4,2,0,0.7284438411476026
background_aware_epoch_10,2221.0_1.0.png,0.75,7,9,2,10720,12789,2069,6,3,1,0.7472694876639675
background_aware_epoch_10,2239.0_1.0.png,0.75,10,16,6,19446,21621,2175,8,8,2,0.7059163608772294
background_aware_epoch_10,2240.0_1.0.png,0.75,7,11,4,9775,12266,2491,6,5,1,0.7887791373578933
background_aware_epoch_10,2258.0_1.0.png,0.75,6,6,0,12692,11417,-1275,6,0,0,0.7941102927576726
background_aware_epoch_10,2261.0_1.0.png,0.75,13,19,6,25956,37566,11610,11,8,2,0.711536675203467
background_aware_epoch_10,2269.0_1.0.png,0.75,9,8,-1,11891,10142,-1749,8,0,1,0.7332381998889972
background_aware_epoch_10,2274.0_1.0.png,0.75,4,4,0,5818,4749,-1069,4,0,0,0.6377933153314816
background_aware_epoch_10,2276.0_1.0.png,0.75,4,6,2,7734,8416,682,4,2,0,0.7320398262741272
background_aware_epoch_10,2289.0_1.0.png,0.75,20,25,5,27477,37660,10183,16,9,4,0.747398190146478
background_aware_epoch_10,2293.0_1.0.png,0.75,21,28,7,26925,34059,7134,20,8,1,0.7235648139365878
background_aware_epoch_10,2302.0_1.0.png,0.75,2,4,2,3752,5191,1439,2,2,0,0.7117003228504863
background_aware_epoch_10,2306.0_1.0.png,0.75,11,12,1,27504,26707,-797,10,2,1,0.7476043801148095
background_aware_epoch_10,2307.0_1.0.png,0.75,16,18,2,18975,20780,1805,13,5,3,0.8133208277346365
background_aware_epoch_10,2311.0_1.0.png,0.75,9,9,0,15122,15895,773,7,2,2,0.8525463228098511
background_aware_epoch_10,2329.0_1.0.png,0.75,11,12,1,16473,16837,364,11,1,0,0.8212008751960436
background_aware_epoch_10,2331.0_1.0.png,0.75,14,16,2,20127,25700,5573,13,3,1,0.8401451644780384
background_aware_epoch_10,2364.0_1.0.png,0.75,6,10,4,8270,13908,5638,6,4,0,0.728023003272544
background_aware_epoch_10,2373.0_1.0.png,0.75,21,23,2,26574,32336,5762,17,6,4,0.7572379679329633
background_aware_epoch_10,2389.0_1.0.png,0.75,25,25,0,34822,38162,3340,19,6,6,0.7600569977108018
background_aware_epoch_10,2412.0_1.0.png,0.75,7,14,7,12820,20923,8103,5,9,2,0.782142062458915
background_aware_epoch_10,2422.0_1.0.png,0.75,8,5,-3,11384,6987,-4397,5,0,3,0.7858062177442879
background_aware_epoch_10,2427.0_1.0.png,0.75,2,2,0,3766,4029,263,2,0,0,0.7511916162139978
background_aware_epoch_10,2453.0_1.0.png,0.75,26,29,3,34793,40850,6057,24,5,2,0.7564998286894208
background_aware_epoch_10,2456.0_1.0.png,0.75,3,5,2,3366,5730,2364,3,2,0,0.8245095425744235
background_aware_epoch_10,2463.0_1.0.png,0.75,11,14,3,12316,17381,5065,11,3,0,0.6833471989913071
background_aware_epoch_10,2469.0_1.0.png,0.75,3,7,4,4462,8046,3584,3,4,0,0.779819747671551
background_aware_epoch_10,2470.0_1.0.png,0.75,7,8,1,8592,10657,2065,7,1,0,0.8335591558283643
background_aware_epoch_10,2474.0_1.0.png,0.75,4,8,4,4323,8796,4473,4,4,0,0.8028171225476175
background_aware_epoch_10,2477.0_1.0.png,0.75,19,22,3,39883,42138,2255,17,5,2,0.7632595456864507
background_aware_epoch_10,2480.0_1.0.png,0.75,15,16,1,22163,24487,2324,15,1,0,0.8030612025852594
background_aware_epoch_10,2490.0_1.0.png,0.75,29,28,-1,44555,58845,14290,20,8,9,0.7411146163537911
background_aware_epoch_10,2495.0_1.0.png,0.75,7,11,4,10597,16194,5597,7,4,0,0.7103508896715249
background_aware_epoch_10,2500.0_1.0.png,0.75,15,20,5,19382,26693,7311,15,5,0,0.7822616266765375
