model,filename,score_threshold,pred_count,max_confidence
background_aware_epoch_10,2861.0_0.0.png,0.5,0,0.0
background_aware_epoch_10,2754.0_0.0.png,0.5,0,0.0
background_aware_epoch_10,2720.0_0.0.png,0.5,0,0.0
background_aware_epoch_10,2725.0_0.0.png,0.5,0,0.0
background_aware_epoch_10,2815.0_0.0.png,0.5,0,0.0
background_aware_epoch_10,2962.0_0.0.png,0.5,0,0.0
background_aware_epoch_10,2771.0_0.0.png,0.5,0,0.0
background_aware_epoch_10,2990.0_0.0.png,0.5,0,0.0
background_aware_epoch_10,2963.0_0.0.png,0.5,0,0.0
background_aware_epoch_10,2824.0_0.0.png,0.5,0,0.0
background_aware_epoch_10,2877.0_0.0.png,0.5,0,0.0
background_aware_epoch_10,2789.0_0.0.png,0.5,2,0.9854933619499207
background_aware_epoch_10,2714.0_0.0.png,0.5,0,0.0
background_aware_epoch_10,2673.0_0.0.png,0.5,0,0.0
background_aware_epoch_10,2549.0_0.0.png,0.5,0,0.0
background_aware_epoch_10,2732.0_0.0.png,0.5,0,0.0
background_aware_epoch_10,2703.0_0.0.png,0.5,0,0.0
background_aware_epoch_10,2830.0_0.0.png,0.5,0,0.0
background_aware_epoch_10,2779.0_0.0.png,0.5,0,0.0
background_aware_epoch_10,2613.0_0.0.png,0.5,0,0.0
background_aware_epoch_10,2560.0_0.0.png,0.5,0,0.0
background_aware_epoch_10,2918.0_0.0.png,0.5,0,0.0
background_aware_epoch_10,2502.0_0.0.png,0.5,0,0.0
background_aware_epoch_10,2948.0_0.0.png,0.5,2,0.9914941787719727
background_aware_epoch_10,2985.0_0.0.png,0.5,0,0.0
background_aware_epoch_10,2556.0_0.0.png,0.5,0,0.0
background_aware_epoch_10,2587.0_0.0.png,0.5,1,0.5743733644485474
background_aware_epoch_10,2718.0_0.0.png,0.5,0,0.0
background_aware_epoch_10,2540.0_0.0.png,0.5,0,0.0
background_aware_epoch_10,2783.0_0.0.png,0.5,0,0.0
background_aware_epoch_10,2894.0_0.0.png,0.5,0,0.0
background_aware_epoch_10,2598.0_0.0.png,0.5,0,0.0
background_aware_epoch_10,2864.0_0.0.png,0.5,0,0.0
background_aware_epoch_10,2976.0_0.0.png,0.5,1,0.9493100047111511
background_aware_epoch_10,2559.0_0.0.png,0.5,0,0.0
background_aware_epoch_10,2870.0_0.0.png,0.5,0,0.0
background_aware_epoch_10,2784.0_0.0.png,0.5,0,0.0
background_aware_epoch_10,2761.0_0.0.png,0.5,0,0.0
background_aware_epoch_10,2515.0_0.0.png,0.5,0,0.0
background_aware_epoch_10,2836.0_0.0.png,0.5,0,0.0
background_aware_epoch_10,2595.0_0.0.png,0.5,0,0.0
background_aware_epoch_10,2916.0_0.0.png,0.5,0,0.0
background_aware_epoch_10,2793.0_0.0.png,0.5,0,0.0
background_aware_epoch_10,2678.0_0.0.png,0.5,0,0.0
background_aware_epoch_10,2850.0_0.0.png,0.5,0,0.0
background_aware_epoch_10,2993.0_0.0.png,0.5,0,0.0
background_aware_epoch_10,2644.0_0.0.png,0.5,0,0.0
background_aware_epoch_10,2827.0_0.0.png,0.5,0,0.0
background_aware_epoch_10,2983.0_0.0.png,0.5,0,0.0
background_aware_epoch_10,2840.0_0.0.png,0.5,0,0.0
background_aware_epoch_10,2763.0_0.0.png,0.5,0,0.0
background_aware_epoch_10,2561.0_0.0.png,0.5,2,0.5512757897377014
background_aware_epoch_10,2891.0_0.0.png,0.5,0,0.0
background_aware_epoch_10,2557.0_0.0.png,0.5,1,0.6613754034042358
background_aware_epoch_10,2687.0_0.0.png,0.5,1,0.92499840259552
background_aware_epoch_10,2702.0_0.0.png,0.5,0,0.0
background_aware_epoch_10,2997.0_0.0.png,0.5,0,0.0
background_aware_epoch_10,2700.0_0.0.png,0.5,0,0.0
background_aware_epoch_10,2681.0_0.0.png,0.5,0,0.0
background_aware_epoch_10,2565.0_0.0.png,0.5,0,0.0
background_aware_epoch_10,2554.0_0.0.png,0.5,2,0.5978376865386963
background_aware_epoch_10,2869.0_0.0.png,0.5,0,0.0
background_aware_epoch_10,2753.0_0.0.png,0.5,0,0.0
background_aware_epoch_10,2772.0_0.0.png,0.5,0,0.0
background_aware_epoch_10,2524.0_0.0.png,0.5,0,0.0
background_aware_epoch_10,2834.0_0.0.png,0.5,0,0.0
background_aware_epoch_10,2672.0_0.0.png,0.5,0,0.0
background_aware_epoch_10,2796.0_0.0.png,0.5,0,0.0
background_aware_epoch_10,2704.0_0.0.png,0.5,0,0.0
background_aware_epoch_10,2913.0_0.0.png,0.5,0,0.0
background_aware_epoch_10,2813.0_0.0.png,0.5,0,0.0
background_aware_epoch_10,2945.0_0.0.png,0.5,0,0.0
background_aware_epoch_10,2868.0_0.0.png,0.5,3,0.9411983489990234
background_aware_epoch_10,2777.0_0.0.png,0.5,0,0.0
background_aware_epoch_10,2829.0_0.0.png,0.5,0,0.0
background_aware_epoch_10,2660.0_0.0.png,0.5,0,0.0
background_aware_epoch_10,2640.0_0.0.png,0.5,0,0.0
background_aware_epoch_10,2662.0_0.0.png,0.5,0,0.0
background_aware_epoch_10,2887.0_0.0.png,0.5,0,0.0
background_aware_epoch_10,2607.0_0.0.png,0.5,0,0.0
background_aware_epoch_10,2900.0_0.0.png,0.5,0,0.0
background_aware_epoch_10,2594.0_0.0.png,0.5,8,0.9910290241241455
background_aware_epoch_10,2852.0_0.0.png,0.5,0,0.0
background_aware_epoch_10,2728.0_0.0.png,0.5,0,0.0
background_aware_epoch_10,2631.0_0.0.png,0.5,1,0.9930922985076904
background_aware_epoch_10,3000.0_0.0.png,0.5,0,0.0
background_aware_epoch_10,2523.0_0.0.png,0.5,0,0.0
background_aware_epoch_10,2701.0_0.0.png,0.5,0,0.0
background_aware_epoch_10,2578.0_0.0.png,0.5,0,0.0
background_aware_epoch_10,2614.0_0.0.png,0.5,1,0.9122715592384338
background_aware_epoch_10,2790.0_0.0.png,0.5,0,0.0
background_aware_epoch_10,2874.0_0.0.png,0.5,6,0.9816359281539917
background_aware_epoch_10,2967.0_0.0.png,0.5,0,0.0
background_aware_epoch_10,2610.0_0.0.png,0.5,0,0.0
