filename,ground_truth_count,tile_nms_candidate_count,thr_0.50_TP,thr_0.50_FP,thr_0.50_FN,thr_0.50_predicted_count,thr_0.50_count_error,thr_0.75_TP,thr_0.75_FP,thr_0.75_FN,thr_0.75_predicted_count,thr_0.75_count_error
100.0_1.0.png,18,28,18,10,0,28,10,17,7,1,24,6
106.0_1.0.png,19,34,17,17,2,34,15,16,10,3,26,7
110.0_1.0.png,13,16,13,3,0,16,3,13,1,0,14,1
122.0_1.0.png,9,11,9,2,0,11,2,9,1,0,10,1
125.0_1.0.png,9,10,8,2,1,10,1,7,2,2,9,0
141.0_1.0.png,18,21,17,4,1,21,3,16,3,2,19,1
153.0_1.0.png,24,38,22,16,2,38,14,21,13,3,34,10
170.0_1.0.png,15,30,15,15,0,30,15,15,10,0,25,10
177.0_1.0.png,7,11,7,4,0,11,4,6,3,1,9,2
191.0_1.0.png,4,3,2,1,2,3,-1,2,1,2,3,-1
197.0_1.0.png,7,14,5,9,2,14,7,5,8,2,13,6
209.0_1.0.png,13,32,11,21,2,32,19,10,17,3,27,14
214.0_1.0.png,1,3,0,3,1,3,2,0,2,1,2,1
216.0_1.0.png,11,25,6,19,5,25,14,6,16,5,22,11
217.0_1.0.png,6,23,2,21,4,23,17,2,19,4,21,15
259.0_1.0.png,10,20,8,12,2,20,10,8,8,2,16,6
268.0_1.0.png,11,15,11,4,0,15,4,11,2,0,13,2
272.0_1.0.png,8,35,2,33,6,35,27,2,32,6,34,26
286.0_1.0.png,17,23,16,7,1,23,6,16,3,1,19,2
299.0_1.0.png,16,33,14,19,2,33,17,14,16,2,30,14
305.0_1.0.png,5,8,3,5,2,8,3,3,4,2,7,2
312.0_1.0.png,4,7,4,3,0,7,3,3,1,1,4,0
315.0_1.0.png,21,31,20,11,1,31,10,20,9,1,29,8
316.0_1.0.png,18,38,14,24,4,38,20,14,11,4,25,7
322.0_1.0.png,19,43,14,29,5,43,24,13,25,6,38,19
333.0_1.0.png,14,27,14,13,0,27,13,13,8,1,21,7
335.0_1.0.png,18,27,13,14,5,27,9,13,10,5,23,5
343.0_1.0.png,10,20,9,11,1,20,10,9,6,1,15,5
348.0_1.0.png,6,15,6,9,0,15,9,6,7,0,13,7
354.0_1.0.png,6,15,5,10,1,15,9,5,6,1,11,5
355.0_1.0.png,2,2,2,0,0,2,0,2,0,0,2,0
360.0_1.0.png,17,27,13,14,4,27,10,13,11,4,24,7
362.0_1.0.png,5,11,5,6,0,11,6,5,4,0,9,4
377.0_1.0.png,17,33,14,19,3,33,16,14,18,3,32,15
39.0_1.0.png,3,9,3,6,0,9,6,3,2,0,5,2
393.0_1.0.png,4,8,4,4,0,8,4,4,2,0,6,2
414.0_1.0.png,14,22,14,8,0,22,8,14,4,0,18,4
42.0_1.0.png,11,19,6,13,5,19,8,6,12,5,18,7
434.0_1.0.png,4,16,3,13,1,16,12,2,11,2,13,9
440.0_1.0.png,7,27,2,25,5,27,20,2,19,5,21,14
443.0_1.0.png,9,13,9,4,0,13,4,9,4,0,13,4
444.0_1.0.png,11,23,9,14,2,23,12,9,10,2,19,8
447.0_1.0.png,5,7,5,2,0,7,2,5,2,0,7,2
456.0_1.0.png,10,19,9,10,1,19,9,8,9,2,17,7
457.0_1.0.png,7,23,7,16,0,23,16,7,13,0,20,13
460.0_1.0.png,7,35,5,30,2,35,28,4,25,3,29,22
462.0_1.0.png,4,15,4,11,0,15,11,4,9,0,13,9
471.0_1.0.png,9,16,8,8,1,16,7,8,6,1,14,5
476.0_1.0.png,5,10,5,5,0,10,5,5,5,0,10,5
477.0_1.0.png,2,6,1,5,1,6,4,0,5,2,5,3
491.0_1.0.png,8,16,8,8,0,16,8,8,6,0,14,6
501.0_1.0.png,10,20,10,10,0,20,10,10,9,0,19,9
503.0_1.0.png,7,27,3,24,4,27,20,2,21,5,23,16
51.0_1.0.png,5,15,5,10,0,15,10,5,9,0,14,9
511.0_1.0.png,4,13,4,9,0,13,9,4,8,0,12,8
521.0_1.0.png,8,16,7,9,1,16,8,7,7,1,14,6
545.0_1.0.png,16,25,15,10,1,25,9,15,9,1,24,8
56.0_1.0.png,7,16,6,10,1,16,9,6,6,1,12,5
563.0_1.0.png,15,28,13,15,2,28,13,13,11,2,24,9
573.0_1.0.png,6,9,6,3,0,9,3,6,3,0,9,3
588.0_1.0.png,22,30,20,10,2,30,8,19,9,3,28,6
61.0_1.0.png,30,53,23,30,7,53,23,22,24,8,46,16
614.0_1.0.png,11,19,11,8,0,19,8,11,7,0,18,7
617.0_1.0.png,5,12,4,8,1,12,7,3,8,2,11,6
64.0_1.0.png,4,5,4,1,0,5,1,4,0,0,4,0
1000.0_1.0.png,30,49,28,21,2,49,19,26,17,4,43,13
1010.0_1.0.png,5,9,5,4,0,9,4,5,3,0,8,3
1021.0_1.0.png,13,18,13,5,0,18,5,12,2,1,14,1
1027.0_1.0.png,19,31,19,12,0,31,12,19,6,0,25,6
1029.0_1.0.png,18,23,18,5,0,23,5,18,4,0,22,4
1035.0_1.0.png,8,11,8,3,0,11,3,8,2,0,10,2
1041.0_1.0.png,9,13,9,4,0,13,4,9,4,0,13,4
1044.0_1.0.png,3,9,3,6,0,9,6,3,3,0,6,3
1049.0_1.0.png,21,29,20,9,1,29,8,20,5,1,25,4
1051.0_1.0.png,9,11,8,3,1,11,2,6,2,3,8,-1
1056.0_1.0.png,21,49,20,29,1,49,28,20,24,1,44,23
1075.0_1.0.png,6,8,6,2,0,8,2,6,1,0,7,1
1106.0_1.0.png,11,16,10,6,1,16,5,9,2,2,11,0
1126.0_1.0.png,11,14,10,4,1,14,3,9,4,2,13,2
1154.0_1.0.png,12,20,11,9,1,20,8,11,9,1,20,8
1159.0_1.0.png,11,21,11,10,0,21,10,11,6,0,17,6
1162.0_1.0.png,11,13,11,2,0,13,2,11,1,0,12,1
1189.0_1.0.png,17,24,17,7,0,24,7,17,3,0,20,3
1198.0_1.0.png,19,18,16,2,3,18,-1,13,1,6,14,-5
1233.0_1.0.png,14,28,14,14,0,28,14,14,12,0,26,12
1239.0_1.0.png,12,19,12,7,0,19,7,12,4,0,16,4
1242.0_1.0.png,28,34,27,7,1,34,6,24,4,4,28,0
1245.0_1.0.png,15,19,15,4,0,19,4,14,4,1,18,3
1250.0_1.0.png,8,10,7,3,1,10,2,7,3,1,10,2
627.0_1.0.png,7,10,7,3,0,10,3,7,3,0,10,3
631.0_1.0.png,7,12,7,5,0,12,5,7,5,0,12,5
645.0_1.0.png,15,16,14,2,1,16,1,13,1,2,14,-1
648.0_1.0.png,10,11,9,2,1,11,1,8,1,2,9,-1
649.0_1.0.png,44,54,37,17,7,54,10,35,13,9,48,4
652.0_1.0.png,10,13,9,4,1,13,3,9,3,1,12,2
665.0_1.0.png,12,15,10,5,2,15,3,10,4,2,14,2
671.0_1.0.png,29,36,28,8,1,36,7,28,6,1,34,5
684.0_1.0.png,16,17,14,3,2,17,1,14,2,2,16,0
688.0_1.0.png,9,8,7,1,2,8,-1,6,1,3,7,-2
689.0_1.0.png,23,24,18,6,5,24,1,15,5,8,20,-3
693.0_1.0.png,25,21,15,6,10,21,-4,12,4,13,16,-9
703.0_1.0.png,28,35,26,9,2,35,7,25,5,3,30,2
704.0_1.0.png,15,18,15,3,0,18,3,14,1,1,15,0
719.0_1.0.png,11,15,11,4,0,15,4,11,2,0,13,2
725.0_1.0.png,2,1,1,0,1,1,-1,1,0,1,1,-1
731.0_1.0.png,12,17,12,5,0,17,5,12,3,0,15,3
737.0_1.0.png,36,38,27,11,9,38,2,24,5,12,29,-7
746.0_1.0.png,5,8,5,3,0,8,3,5,0,0,5,0
753.0_1.0.png,34,34,29,5,5,34,0,27,4,7,31,-3
754.0_1.0.png,18,21,18,3,0,21,3,16,0,2,16,-2
761.0_1.0.png,14,21,13,8,1,21,7,12,6,2,18,4
766.0_1.0.png,6,4,4,0,2,4,-2,4,0,2,4,-2
769.0_1.0.png,5,5,4,1,1,5,0,4,0,1,4,-1
774.0_1.0.png,15,16,13,3,2,16,1,12,2,3,14,-1
780.0_1.0.png,16,18,16,2,0,18,2,15,1,1,16,0
827.0_1.0.png,9,10,7,3,2,10,1,7,2,2,9,0
829.0_1.0.png,17,13,12,1,5,13,-4,12,1,5,13,-4
834.0_1.0.png,6,13,6,7,0,13,7,6,5,0,11,5
835.0_1.0.png,8,9,6,3,2,9,1,5,1,3,6,-2
836.0_1.0.png,12,12,10,2,2,12,0,8,2,4,10,-2
843.0_1.0.png,12,14,10,4,2,14,2,9,3,3,12,0
844.0_1.0.png,28,35,26,9,2,35,7,25,5,3,30,2
847.0_1.0.png,34,40,32,8,2,40,6,30,5,4,35,1
856.0_1.0.png,21,22,17,5,4,22,1,17,3,4,20,-1
877.0_1.0.png,30,43,27,16,3,43,13,27,15,3,42,12
889.0_1.0.png,34,53,31,22,3,53,19,31,14,3,45,11
890.0_1.0.png,6,5,5,0,1,5,-1,5,0,1,5,-1
891.0_1.0.png,12,14,12,2,0,14,2,12,1,0,13,1
936.0_1.0.png,3,4,3,1,0,4,1,3,0,0,3,0
951.0_1.0.png,15,18,15,3,0,18,3,15,2,0,17,2
953.0_1.0.png,25,27,22,5,3,27,2,21,4,4,25,0
974.0_1.0.png,4,9,4,5,0,9,5,4,2,0,6,2
1263.0_1.0.png,6,7,6,1,0,7,1,6,0,0,6,0
1280.0_1.0.png,10,12,9,3,1,12,2,9,1,1,10,0
1292.0_1.0.png,28,32,26,6,2,32,4,26,4,2,30,2
1296.0_1.0.png,24,27,21,6,3,27,3,18,1,6,19,-5
1331.0_1.0.png,16,16,11,5,5,16,0,10,5,6,15,-1
1332.0_1.0.png,17,20,14,6,3,20,3,14,5,3,19,2
1357.0_1.0.png,6,5,4,1,2,5,-1,3,1,3,4,-2
1382.0_1.0.png,8,7,6,1,2,7,-1,5,0,3,5,-3
1388.0_1.0.png,42,45,37,8,5,45,3,36,8,6,44,2
1393.0_1.0.png,21,21,16,5,5,21,0,16,2,5,18,-3
1397.0_1.0.png,25,30,24,6,1,30,5,24,3,1,27,2
1412.0_1.0.png,24,27,20,7,4,27,3,19,6,5,25,1
1455.0_1.0.png,16,20,15,5,1,20,4,15,4,1,19,3
1459.0_1.0.png,20,24,18,6,2,24,4,16,5,4,21,1
1474.0_1.0.png,12,17,12,5,0,17,5,10,4,2,14,2
1485.0_1.0.png,41,38,33,5,8,38,-3,32,3,9,35,-6
1486.0_1.0.png,16,15,11,4,5,15,-1,11,3,5,14,-2
1490.0_1.0.png,11,10,6,4,5,10,-1,5,3,6,8,-3
1498.0_1.0.png,12,14,10,4,2,14,2,10,1,2,11,-1
1520.0_1.0.png,1,2,1,1,0,2,1,1,0,0,1,0
1533.0_1.0.png,24,26,21,5,3,26,2,21,4,3,25,1
1535.0_1.0.png,14,17,12,5,2,17,3,12,3,2,15,1
1554.0_1.0.png,33,27,22,5,11,27,-6,21,5,12,26,-7
1556.0_1.0.png,12,17,11,6,1,17,5,10,4,2,14,2
1558.0_1.0.png,19,21,16,5,3,21,2,14,3,5,17,-2
1560.0_1.0.png,29,29,20,9,9,29,0,18,7,11,25,-4
1567.0_1.0.png,17,18,14,4,3,18,1,13,3,4,16,-1
1580.0_1.0.png,34,36,25,11,9,36,2,23,8,11,31,-3
1624.0_1.0.png,40,44,34,10,6,44,4,31,7,9,38,-2
1638.0_1.0.png,30,41,29,12,1,41,11,29,6,1,35,5
1639.0_1.0.png,9,9,4,5,5,9,0,3,4,6,7,-2
1646.0_1.0.png,5,6,5,1,0,6,1,5,0,0,5,0
1647.0_1.0.png,8,9,8,1,0,9,1,8,1,0,9,1
1653.0_1.0.png,8,11,8,3,0,11,3,8,2,0,10,2
1668.0_1.0.png,10,10,9,1,1,10,0,9,1,1,10,0
1671.0_1.0.png,17,16,12,4,5,16,-1,11,3,6,14,-3
1687.0_1.0.png,9,9,9,0,0,9,0,7,0,2,7,-2
1722.0_1.0.png,24,23,16,7,8,23,-1,14,7,10,21,-3
1732.0_1.0.png,34,36,25,11,9,36,2,23,7,11,30,-4
1733.0_1.0.png,33,35,22,13,11,35,2,22,11,11,33,0
1735.0_1.0.png,8,10,7,3,1,10,2,7,2,1,9,1
1737.0_1.0.png,10,5,5,0,5,5,-5,5,0,5,5,-5
1738.0_1.0.png,12,10,7,3,5,10,-2,7,2,5,9,-3
1758.0_1.0.png,18,22,17,5,1,22,4,17,1,1,18,0
1769.0_1.0.png,26,30,25,5,1,30,4,24,4,2,28,2
1784.0_1.0.png,15,19,14,5,1,19,4,13,2,2,15,0
1800.0_1.0.png,8,8,8,0,0,8,0,8,0,0,8,0
1821.0_1.0.png,21,24,20,4,1,24,3,19,3,2,22,1
1843.0_1.0.png,25,7,0,7,25,7,-18,0,6,25,6,-19
1845.0_1.0.png,19,21,18,3,1,21,2,18,2,1,20,1
1855.0_1.0.png,32,51,32,19,0,51,19,28,10,4,38,6
1863.0_1.0.png,4,6,2,4,2,6,2,2,3,2,5,1
1864.0_1.0.png,33,38,31,7,2,38,5,31,4,2,35,2
1885.0_1.0.png,8,21,8,13,0,21,13,8,10,0,18,10
1887.0_1.0.png,14,25,13,12,1,25,11,12,8,2,20,6
1899.0_1.0.png,9,13,7,6,2,13,4,7,4,2,11,2
1900.0_1.0.png,11,16,11,5,0,16,5,11,3,0,14,3
1918.0_1.0.png,4,8,4,4,0,8,4,4,2,0,6,2
1923.0_1.0.png,11,14,10,4,1,14,3,9,1,2,10,-1
1942.0_1.0.png,5,11,5,6,0,11,6,5,5,0,10,5
1943.0_1.0.png,19,28,19,9,0,28,9,19,9,0,28,9
1952.0_1.0.png,10,19,10,9,0,19,9,9,8,1,17,7
1977.0_1.0.png,4,5,4,1,0,5,1,4,1,0,5,1
1994.0_1.0.png,25,34,24,10,1,34,9,24,8,1,32,7
1995.0_1.0.png,8,24,6,18,2,24,16,6,18,2,24,16
1996.0_1.0.png,8,21,7,14,1,21,13,7,13,1,20,12
2007.0_1.0.png,5,23,3,20,2,23,18,3,17,2,20,15
2027.0_1.0.png,12,20,12,8,0,20,8,12,7,0,19,7
2050.0_1.0.png,8,15,7,8,1,15,7,7,7,1,14,6
2056.0_1.0.png,14,14,13,1,1,14,0,13,1,1,14,0
2075.0_1.0.png,15,36,15,21,0,36,21,15,15,0,30,15
2085.0_1.0.png,8,23,7,16,1,23,15,6,15,2,21,13
2093.0_1.0.png,8,15,8,7,0,15,7,8,7,0,15,7
2111.0_1.0.png,14,25,13,12,1,25,11,13,8,1,21,7
2125.0_1.0.png,25,38,21,17,4,38,13,21,12,4,33,8
2167.0_1.0.png,13,23,13,10,0,23,10,13,6,0,19,6
2173.0_1.0.png,5,12,5,7,0,12,7,5,4,0,9,4
2178.0_1.0.png,10,19,8,11,2,19,9,8,10,2,18,8
2188.0_1.0.png,9,16,8,8,1,16,7,8,7,1,15,6
2194.0_1.0.png,22,35,21,14,1,35,13,21,10,1,31,9
2203.0_1.0.png,15,21,15,6,0,21,6,14,2,1,16,1
2206.0_1.0.png,9,13,8,5,1,13,4,8,3,1,11,2
2214.0_1.0.png,14,22,14,8,0,22,8,14,6,0,20,6
2215.0_1.0.png,15,23,15,8,0,23,8,15,6,0,21,6
2216.0_1.0.png,4,8,4,4,0,8,4,4,3,0,7,3
2221.0_1.0.png,7,13,6,7,1,13,6,6,5,1,11,4
2239.0_1.0.png,10,21,8,13,2,21,11,8,11,2,19,9
2240.0_1.0.png,7,13,6,7,1,13,6,6,6,1,12,5
2258.0_1.0.png,6,7,6,1,0,7,1,6,1,0,7,1
2261.0_1.0.png,13,29,11,18,2,29,16,11,10,2,21,8
2269.0_1.0.png,9,13,9,4,0,13,4,9,1,0,10,1
2274.0_1.0.png,4,5,3,2,1,5,1,3,1,1,4,0
2276.0_1.0.png,4,10,4,6,0,10,6,4,5,0,9,5
2289.0_1.0.png,20,37,19,18,1,37,17,19,10,1,29,9
2293.0_1.0.png,21,34,18,16,3,34,13,18,13,3,31,10
2302.0_1.0.png,2,7,2,5,0,7,5,2,3,0,5,3
2306.0_1.0.png,11,17,11,6,0,17,6,11,4,0,15,4
2307.0_1.0.png,16,28,15,13,1,28,12,15,10,1,25,9
2311.0_1.0.png,9,12,8,4,1,12,3,8,3,1,11,2
2329.0_1.0.png,11,15,11,4,0,15,4,11,3,0,14,3
2331.0_1.0.png,14,19,14,5,0,19,5,13,2,1,15,1
2364.0_1.0.png,6,17,6,11,0,17,11,6,8,0,14,8
2373.0_1.0.png,21,33,17,16,4,33,12,16,10,5,26,5
2389.0_1.0.png,25,31,23,8,2,31,6,23,7,2,30,5
2412.0_1.0.png,7,15,5,10,2,15,8,5,9,2,14,7
2422.0_1.0.png,8,7,7,0,1,7,-1,6,0,2,6,-2
2427.0_1.0.png,2,6,2,4,0,6,4,2,3,0,5,3
2453.0_1.0.png,26,40,25,15,1,40,14,25,9,1,34,8
2456.0_1.0.png,3,10,3,7,0,10,7,3,4,0,7,4
2463.0_1.0.png,11,17,11,6,0,17,6,11,3,0,14,3
2469.0_1.0.png,3,7,3,4,0,7,4,3,4,0,7,4
2470.0_1.0.png,7,10,7,3,0,10,3,7,1,0,8,1
2474.0_1.0.png,4,11,4,7,0,11,7,4,5,0,9,5
2477.0_1.0.png,19,35,18,17,1,35,16,18,12,1,30,11
2480.0_1.0.png,15,15,15,0,0,15,0,15,0,0,15,0
2490.0_1.0.png,29,43,29,14,0,43,14,27,7,2,34,5
2495.0_1.0.png,7,15,7,8,0,15,8,7,5,0,12,5
2500.0_1.0.png,15,26,15,11,0,26,11,15,7,0,22,7
