prediction_index,confidence,best_gt_index,mask_iou,classification,mask_area_pixels,box_x1,box_y1,box_x2,box_y2
1,0.9953494668006897,18.0,0.8400312134217713,TP,2322,458.16900634765625,200.3666534423828,533.6743774414062,258.4384460449219
2,0.9918935298919678,10.0,0.9041309431021044,TP,2376,105.48497772216797,417.2301940917969,184.77166748046875,470.56201171875
3,0.9903535842895508,11.0,0.6948212083847103,TP,1619,573.79052734375,114.1360855102539,638.8261108398438,156.75914001464844
4,0.9894124865531921,6.0,0.7463516330785267,TP,1147,241.584228515625,557.3670654296875,284.0069274902344,600.1806030273438
5,0.9838806986808777,13.0,0.7770618556701031,TP,1347,365.8006591796875,197.02728271484375,417.5011901855469,240.3845672607422
6,0.9808876514434814,14.0,0.8370694368507381,TP,1675,378.2000427246094,258.42596435546875,433.2955017089844,306.6314392089844
7,0.9801949262619019,8.0,0.8167447306791569,TP,1610,295.44769287109375,370.79901123046875,351.6973571777344,417.4715881347656
8,0.9726841449737549,5.0,0.6002379535990482,TP,1165,530.704833984375,585.2230834960938,577.7069702148438,626.3436889648438
9,0.972466766834259,4.0,0.7707736389684814,TP,641,124.36334228515625,610.009033203125,155.22177124023438,640.0
10,0.959976077079773,15.0,0.6436037829766053,TP,1386,401.5176696777344,327.8377380371094,450.8134765625,374.4156799316406
11,0.9554163217544556,12.0,0.8605983450031827,TP,1545,318.9273376464844,449.3802185058594,362.274658203125,510.4334411621094
12,0.9538801312446594,3.0,0.7065462753950339,TP,746,540.8238525390625,466.46783447265625,580.1228637695312,497.666259765625
13,0.9520578980445862,17.0,0.8176441596845737,TP,1821,424.3750915527344,126.75231170654297,501.9564514160156,168.93333435058594
14,0.9456592798233032,16.0,0.7068403908794788,TP,2021,463.6377868652344,390.6593017578125,520.0421142578125,449.1305847167969
15,0.9405150413513184,9.0,0.6547258197850647,TP,2991,281.4175109863281,284.6893310546875,340.2842102050781,364.5389099121094
16,0.8987427949905396,2.0,0.803770351328192,TP,962,496.63311767578125,501.91827392578125,529.0778198242188,558.6752319335938
17,0.8958218097686768,1.0,0.9018143009605123,TP,892,439.42779541015625,530.4707641601562,475.70611572265625,572.5518188476562
18,0.8910200595855713,7.0,0.8001054852320675,TP,1635,27.93678092956543,576.2628784179688,77.4472427368164,626.6793823242188
19,0.8793904185295105,,0.0,FP,1213,93.45592498779297,388.1966857910156,137.80752563476562,433.2804870605469
20,0.8618857264518738,,0.0,FP,959,281.5707702636719,488.1039733886719,320.1868896484375,529.3846435546875
