image_id,filename,ground_truth_count,predicted_count,count_error,ground_truth_area_px,predicted_area_px,area_absolute_error_px,area_percentage_error,TP,FP,FN
3,100.0_1.0.png,18,23,5,28508,33816,5308.0,18.619334923530236,18,5,0
9,106.0_1.0.png,19,27,8,21882,49684,27802.0,127.0541997989215,17,10,2
14,110.0_1.0.png,13,15,2,15718,24269,8551.0,54.40259575009543,13,2,0
27,122.0_1.0.png,9,10,1,22346,23340,994.0,4.448223395686028,9,1,0
30,125.0_1.0.png,9,9,0,10233,13418,3185.0,31.124792338512652,7,2,2
48,141.0_1.0.png,18,18,0,22804,23226,422.0,1.8505525346430451,16,2,2
61,153.0_1.0.png,24,31,7,40711,48517,7806.0,19.174178968829064,21,10,3
80,170.0_1.0.png,15,23,8,21599,37932,16333.0,75.61924163155702,14,9,1
87,177.0_1.0.png,7,8,1,10542,11939,1397.0,13.25175488522102,7,1,0
103,191.0_1.0.png,4,2,-2,7060,4939,1.844674407370955e+19,2.6128532682308144e+17,2,0,2
109,197.0_1.0.png,7,11,4,16976,18723,1747.0,10.29099905749293,5,6,2
123,209.0_1.0.png,13,23,10,53497,32391,1.8446744073709531e+19,3.4481829025383724e+16,11,12,2
129,214.0_1.0.png,1,2,1,21464,7724,1.8446744073709537e+19,8.594271372395424e+16,0,2,1
131,216.0_1.0.png,11,18,7,40334,21751,1.8446744073709533e+19,4.573497315840118e+16,6,12,5
132,217.0_1.0.png,6,20,14,91045,34219,1.8446744073709494e+19,2.026112809457905e+16,2,18,4
178,259.0_1.0.png,10,15,5,21266,20146,1.844674407370955e+19,8.674289510819877e+16,8,7,2
188,268.0_1.0.png,11,11,0,15375,17977,2602.0,16.923577235772356,11,0,0
193,272.0_1.0.png,8,32,24,115294,41759,1.8446744073709478e+19,1.5999743328975904e+16,2,30,6
208,286.0_1.0.png,17,20,3,27159,25218,1.844674407370955e+19,6.792129339706745e+16,16,4,1
222,299.0_1.0.png,16,27,11,19990,36466,16476.0,82.42121060530265,14,13,2
230,305.0_1.0.png,5,7,2,18019,8665,1.8446744073709541e+19,1.0237385023425019e+17,3,4,2
238,312.0_1.0.png,4,4,0,7715,4218,1.8446744073709548e+19,2.391023211109468e+17,3,1,1
241,315.0_1.0.png,21,24,3,33448,36378,2930.0,8.759866060751015,19,5,2
242,316.0_1.0.png,18,28,10,28851,35208,6357.0,22.033898305084744,13,15,5
249,322.0_1.0.png,19,42,23,89641,84342,1.8446744073709545e+19,2.057846752458088e+16,14,28,5
261,333.0_1.0.png,14,25,11,36668,47076,10408.0,28.384422384640555,14,11,0
263,335.0_1.0.png,18,23,5,43786,37319,1.8446744073709545e+19,4.212932004227275e+16,14,9,4
272,343.0_1.0.png,10,13,3,8901,13141,4240.0,47.635097180092124,9,4,1
277,348.0_1.0.png,6,11,5,68741,77161,8420.0,12.24887621652289,6,5,0
284,354.0_1.0.png,6,11,5,6842,13723,6881.0,100.57000876936569,5,6,1
285,355.0_1.0.png,2,2,0,5683,5708,25.0,0.4399084990322013,2,0,0
291,360.0_1.0.png,17,23,6,59251,41213,1.8446744073709533e+19,3.113321981689682e+16,13,10,4
293,362.0_1.0.png,5,8,3,8534,13900,5366.0,62.877900164049684,5,3,0
309,377.0_1.0.png,17,29,12,29839,40863,11024.0,36.9449378330373,14,15,3
323,39.0_1.0.png,3,5,2,2905,5394,2489.0,85.67986230636832,3,2,0
327,393.0_1.0.png,4,7,3,13945,19508,5563.0,39.89243456435999,4,3,0
351,414.0_1.0.png,14,16,2,14430,16711,2281.0,15.807345807345808,14,2,0
357,42.0_1.0.png,11,18,7,51677,22417,1.8446744073709523e+19,3.5696236379258708e+16,6,12,5
373,434.0_1.0.png,4,15,11,8233,19676,11443.0,138.9894327705575,3,12,1
380,440.0_1.0.png,7,23,16,19244,21254,2010.0,10.444813967990022,2,21,5
383,443.0_1.0.png,9,11,2,15391,16615,1224.0,7.952699629653694,9,2,0
384,444.0_1.0.png,11,15,4,36404,36786,382.0,1.0493352378859466,9,6,2
387,447.0_1.0.png,5,7,2,4985,8379,3394.0,68.08425275827481,5,2,0
397,456.0_1.0.png,10,17,7,14649,17970,3321.0,22.670489453204997,8,9,2
398,457.0_1.0.png,7,20,13,8877,21654,12777.0,143.93376140588038,7,13,0
402,460.0_1.0.png,7,25,18,71694,71780,86.0,0.11995425000697409,5,20,2
404,462.0_1.0.png,4,14,10,5127,17982,12855.0,250.73142188414278,4,10,0
414,471.0_1.0.png,9,10,1,15625,20136,4511.0,28.8704,8,2,1
419,476.0_1.0.png,5,10,5,10845,19907,9062.0,83.5592438911941,5,5,0
420,477.0_1.0.png,2,5,3,9591,6884,1.844674407370955e+19,1.9233389712970022e+17,0,5,2
436,491.0_1.0.png,8,13,5,14977,18480,3503.0,23.389196768378177,8,5,0
448,501.0_1.0.png,10,16,6,9289,17317,8028.0,86.42480353105823,10,6,0
450,503.0_1.0.png,7,24,17,19855,31805,11950.0,60.186351045076805,3,21,4
457,51.0_1.0.png,5,13,8,4628,20871,16243.0,350.9723422644771,5,8,0
459,511.0_1.0.png,4,11,7,4814,11612,6798.0,141.21312837557124,4,7,0
470,521.0_1.0.png,8,12,4,13918,16036,2118.0,15.217703693059349,7,5,1
496,545.0_1.0.png,16,24,8,19431,28922,9491.0,48.84462971540322,16,8,0
512,56.0_1.0.png,7,12,5,11782,14729,2947.0,25.012731285011036,6,6,1
516,563.0_1.0.png,15,23,8,22941,25238,2297.0,10.012641122880432,13,10,2
527,573.0_1.0.png,6,8,2,7121,11487,4366.0,61.31161353742451,6,2,0
543,588.0_1.0.png,22,27,5,28680,27123,1.844674407370955e+19,6.43191913309259e+16,18,9,4
568,61.0_1.0.png,30,42,12,73692,57170,1.8446744073709535e+19,2.5032220693846736e+16,24,18,6
573,614.0_1.0.png,11,16,5,16553,23318,6765.0,40.86872470247085,10,6,1
576,617.0_1.0.png,5,12,7,10915,15201,4286.0,39.26706367384333,4,8,1
587,64.0_1.0.png,4,4,0,4373,4907,534.0,12.211296592728104,4,0,0
628,1000.0_1.0.png,30,40,10,32064,52309,20245.0,63.139346307385225,26,14,4
638,1010.0_1.0.png,5,7,2,9310,12427,3117.0,33.48012889366273,5,2,0
649,1021.0_1.0.png,13,14,1,33034,53124,20090.0,60.81612883695586,12,2,1
655,1027.0_1.0.png,19,27,8,18191,26974,8783.0,48.28211753064702,19,8,0
657,1029.0_1.0.png,18,20,2,23101,36545,13444.0,58.19661486515735,17,3,1
663,1035.0_1.0.png,8,10,2,10143,11768,1625.0,16.020901114068817,8,2,0
669,1041.0_1.0.png,9,12,3,8895,13061,4166.0,46.83530073074761,8,4,1
672,1044.0_1.0.png,3,5,2,5532,7640,2108.0,38.10556760665221,3,2,0
677,1049.0_1.0.png,21,22,1,21779,25439,3660.0,16.80517930116167,20,2,1
679,1051.0_1.0.png,9,11,2,10694,14894,4200.0,39.27435945389938,8,3,1
684,1056.0_1.0.png,21,36,15,30195,50965,20770.0,68.78622288458354,20,16,1
703,1075.0_1.0.png,6,7,1,13282,17221,3939.0,29.656678211112787,6,1,0
734,1106.0_1.0.png,11,14,3,11495,14438,2943.0,25.60243584167029,10,4,1
754,1126.0_1.0.png,11,10,-1,15168,13887,1.844674407370955e+19,1.2161619246907667e+17,9,1,2
782,1154.0_1.0.png,12,12,0,27347,26970,1.8446744073709552e+19,6.745436089410009e+16,11,1,1
787,1159.0_1.0.png,11,14,3,34264,37610,3346.0,9.76535138921317,11,3,0
790,1162.0_1.0.png,11,13,2,12446,19020,6574.0,52.820183191386796,11,2,0
817,1189.0_1.0.png,17,20,3,19152,25312,6160.0,32.16374269005848,16,4,1
826,1198.0_1.0.png,19,16,-3,19619,21269,1650.0,8.410214587899485,14,2,5
861,1233.0_1.0.png,14,26,12,19719,32484,12765.0,64.7345200060855,14,12,0
867,1239.0_1.0.png,12,14,2,19273,23878,4605.0,23.893529808540446,12,2,0
870,1242.0_1.0.png,28,31,3,33021,37544,4523.0,13.697344114351473,28,3,0
873,1245.0_1.0.png,15,17,2,15864,17520,1656.0,10.43872919818457,15,2,0
878,1250.0_1.0.png,8,7,-1,7031,9512,2481.0,35.28658796757218,5,2,3
880,627.0_1.0.png,7,9,2,11845,14976,3131.0,26.433094132545378,7,2,0
884,631.0_1.0.png,7,12,5,12681,24499,11818.0,93.19454301711222,7,5,0
898,645.0_1.0.png,15,14,-1,16368,14848,1.844674407370955e+19,1.127000493261825e+17,14,0,1
901,648.0_1.0.png,10,8,-2,8863,8499,1.8446744073709552e+19,2.081320554407035e+17,7,1,3
902,649.0_1.0.png,44,44,0,62402,59225,1.8446744073709548e+19,2.9561142389201544e+16,35,9,9
905,652.0_1.0.png,10,11,1,11187,10993,1.8446744073709552e+19,1.648944674506977e+17,9,2,1
918,665.0_1.0.png,12,12,0,12084,25526,13442.0,111.23800066203245,10,2,2
924,671.0_1.0.png,29,26,-3,35328,36701,1373.0,3.886435688405797,25,1,4
937,684.0_1.0.png,16,16,0,15747,19066,3319.0,21.07703054550073,14,2,2
941,688.0_1.0.png,9,8,-1,12634,13330,696.0,5.50894411904385,8,0,1
942,689.0_1.0.png,23,21,-2,21125,20518,1.8446744073709552e+19,8.732186543767835e+16,17,4,6
946,693.0_1.0.png,25,16,-9,26727,24551,1.844674407370955e+19,6.901913448463931e+16,13,3,12
956,703.0_1.0.png,28,28,0,32112,33938,1826.0,5.686347782760339,26,2,2
957,704.0_1.0.png,15,14,-1,16866,16518,1.8446744073709552e+19,1.093723708864553e+17,12,2,3
972,719.0_1.0.png,11,13,2,9734,14912,5178.0,53.194986644750365,10,3,1
978,725.0_1.0.png,2,1,-1,1941,1261,1.8446744073709552e+19,9.50373213483233e+17,1,0,1
984,731.0_1.0.png,12,13,1,27934,27692,1.8446744073709552e+19,6.603688721167593e+16,12,1,0
990,737.0_1.0.png,36,25,-11,50215,46027,1.8446744073709548e+19,3.673552538824962e+16,20,5,16
999,746.0_1.0.png,5,5,0,6176,6827,651.0,10.54080310880829,5,0,0
1006,753.0_1.0.png,34,32,-2,43257,41679,1.844674407370955e+19,4.264452937954447e+16,29,3,5
1007,754.0_1.0.png,18,16,-2,28505,26672,1.844674407370955e+19,6.471406445784793e+16,16,0,2
1014,761.0_1.0.png,14,15,1,20352,21573,1221.0,5.99941037735849,14,1,0
1019,766.0_1.0.png,6,4,-2,6444,4549,1.844674407370955e+19,2.8626232268326426e+17,4,0,2
1022,769.0_1.0.png,5,4,-1,4198,3824,1.8446744073709552e+19,4.394174386305277e+17,4,0,1
1027,774.0_1.0.png,15,15,0,14716,21505,6789.0,46.13346017939657,13,2,2
1033,780.0_1.0.png,16,17,1,19144,19979,835.0,4.361679899707481,16,1,0
1080,827.0_1.0.png,9,10,1,15567,18150,2583.0,16.59279244555791,7,3,2
1082,829.0_1.0.png,17,13,-4,17876,15439,1.844674407370955e+19,1.0319279522102008e+17,12,1,5
1087,834.0_1.0.png,6,6,0,47565,49456,1891.0,3.9756123199831808,6,0,0
1088,835.0_1.0.png,8,9,1,10041,11944,1903.0,18.952295588088834,6,3,2
1089,836.0_1.0.png,12,11,-1,15383,15910,527.0,3.4258597152701036,10,1,2
1096,843.0_1.0.png,12,10,-2,17290,15455,1.844674407370955e+19,1.0669024912498294e+17,10,0,2
1097,844.0_1.0.png,28,27,-1,31838,36727,4889.0,15.355864061812927,24,3,4
1100,847.0_1.0.png,34,33,-1,41459,45231,3772.0,9.098145155454787,30,3,4
1109,856.0_1.0.png,21,20,-1,40259,36045,1.8446744073709548e+19,4.582017455403648e+16,17,3,4
1130,877.0_1.0.png,30,38,8,59574,60294,720.0,1.2085809245644072,25,13,5
1142,889.0_1.0.png,34,38,4,52907,52321,1.8446744073709552e+19,3.4866358088172736e+16,31,7,3
1143,890.0_1.0.png,6,5,-1,6226,5512,1.8446744073709552e+19,2.962856420448049e+17,5,0,1
1144,891.0_1.0.png,12,13,1,15837,18022,2185.0,13.79680495043253,12,1,0
1189,936.0_1.0.png,3,3,0,4048,4034,1.8446744073709552e+19,4.557001994493466e+17,3,0,0
1204,951.0_1.0.png,15,17,2,21582,29998,8416.0,38.99545917894542,15,2,0
1206,953.0_1.0.png,25,24,-1,29514,35877,6363.0,21.5592600121976,22,2,3
1226,974.0_1.0.png,4,9,5,7451,11338,3887.0,52.16749429606764,3,6,1
1263,1263.0_1.0.png,6,6,0,7725,7972,247.0,3.197411003236246,6,0,0
1280,1280.0_1.0.png,10,9,-1,8078,7877,1.8446744073709552e+19,2.2835781225191325e+17,9,0,1
1292,1292.0_1.0.png,28,28,0,32403,36903,4500.0,13.887602999722247,26,2,2
1296,1296.0_1.0.png,24,21,-3,27324,22688,1.8446744073709548e+19,6.751114065916245e+16,18,3,6
1331,1331.0_1.0.png,16,13,-3,19150,12740,1.8446744073709545e+19,9.632764529352243e+16,11,2,5
1332,1332.0_1.0.png,17,20,3,20099,20985,886.0,4.408179511418479,14,6,3
1357,1357.0_1.0.png,6,5,-1,4822,5371,549.0,11.385317295727914,4,1,2
1382,1382.0_1.0.png,8,5,-3,19032,17157,1.844674407370955e+19,9.6924884792505e+16,4,1,4
1388,1388.0_1.0.png,42,40,-2,49486,54009,4523.0,9.139958776219537,36,4,6
1393,1393.0_1.0.png,21,18,-3,25703,25274,1.8446744073709552e+19,7.1768836609382376e+16,16,2,5
1397,1397.0_1.0.png,25,27,2,25317,26183,866.0,3.420626456531185,25,2,0
1412,1412.0_1.0.png,24,21,-3,31158,37379,6221.0,19.965979844662687,17,4,7
1455,1455.0_1.0.png,16,18,2,25458,30933,5475.0,21.50600989865661,16,2,0
1459,1459.0_1.0.png,20,20,0,20698,27447,6749.0,32.60701517054788,16,4,4
1474,1474.0_1.0.png,12,15,3,27190,37645,10455.0,38.451636631114376,12,3,0
1485,1485.0_1.0.png,41,33,-8,58135,57333,1.8446744073709552e+19,3.1730874815016e+16,32,1,9
1486,1486.0_1.0.png,16,14,-2,19985,26000,6015.0,30.09757317988491,11,3,5
1490,1490.0_1.0.png,11,6,-5,5930,6946,1016.0,17.133220910623944,3,3,8
1498,1498.0_1.0.png,12,11,-1,14307,10834,1.8446744073709548e+19,1.2893509522408294e+17,10,1,2
1520,1520.0_1.0.png,1,2,1,1527,3454,1927.0,126.19515389652913,1,1,0
1533,1533.0_1.0.png,24,22,-2,35759,27900,1.8446744073709543e+19,5.1586297362089384e+16,21,1,3
1535,1535.0_1.0.png,14,13,-1,19168,15452,1.8446744073709548e+19,9.623718736284197e+16,12,1,2
1554,1554.0_1.0.png,33,23,-10,50062,44735,1.8446744073709545e+19,3.6847796879288776e+16,22,1,11
1556,1556.0_1.0.png,12,14,2,16463,16314,1.8446744073709552e+19,1.1204971192194346e+17,10,4,2
1558,1558.0_1.0.png,19,16,-3,19747,16505,1.8446744073709548e+19,9.341542550113712e+16,14,2,5
1560,1560.0_1.0.png,29,25,-4,36961,29639,1.8446744073709543e+19,4.990867150160857e+16,20,5,9
1567,1567.0_1.0.png,17,15,-2,34598,33830,1.8446744073709552e+19,5.3317371159343176e+16,11,4,6
1580,1580.0_1.0.png,34,31,-3,46442,40145,1.8446744073709545e+19,3.971996053940301e+16,24,7,10
1624,1624.0_1.0.png,40,38,-2,61069,52970,1.8446744073709543e+19,3.0206396164518076e+16,33,5,7
1638,1638.0_1.0.png,30,34,4,51511,50579,1.8446744073709552e+19,3.581127152202355e+16,28,6,2
1639,1639.0_1.0.png,9,7,-2,17820,15930,1.844674407370955e+19,1.035170823440491e+17,3,4,6
1646,1646.0_1.0.png,5,5,0,5956,4892,1.844674407370955e+19,3.097169925068762e+17,5,0,0
1647,1647.0_1.0.png,8,8,0,21060,16623,1.8446744073709548e+19,8.759137736804154e+16,7,1,1
1653,1653.0_1.0.png,8,8,0,35906,36973,1067.0,2.971648192502646,8,0,0
1668,1668.0_1.0.png,10,9,-1,11668,10093,1.844674407370955e+19,1.5809688098825462e+17,9,0,1
1671,1671.0_1.0.png,17,12,-5,18700,19206,506.0,2.705882352941176,11,1,6
1687,1687.0_1.0.png,9,8,-1,13211,10356,1.844674407370955e+19,1.3963170141328854e+17,8,0,1
1722,1722.0_1.0.png,24,18,-6,32987,20525,1.844674407370954e+19,5.592125405071555e+16,13,5,11
1732,1732.0_1.0.png,34,29,-5,53693,39474,1.8446744073709537e+19,3.43559571521605e+16,24,5,10
1733,1733.0_1.0.png,33,33,0,79746,71360,1.8446744073709543e+19,2.3131873791424704e+16,23,10,10
1735,1735.0_1.0.png,8,10,2,15047,15644,597.0,3.9675682860370842,7,3,1
1737,1737.0_1.0.png,10,5,-5,12026,6698,1.8446744073709545e+19,1.5339052115175075e+17,5,0,5
1738,1738.0_1.0.png,12,9,-3,24026,15504,1.8446744073709543e+19,7.677825719516168e+16,7,2,5
1758,1758.0_1.0.png,18,20,2,30376,39468,9092.0,29.93152488806953,16,4,2
1769,1769.0_1.0.png,26,26,0,32018,31744,1.8446744073709552e+19,5.761366754234978e+16,25,1,1
1784,1784.0_1.0.png,15,15,0,18754,21145,2391.0,12.749280153567238,13,2,2
1800,1800.0_1.0.png,8,7,-1,8282,8489,207.0,2.499396281091524,7,0,1
1821,1821.0_1.0.png,21,21,0,22468,24671,2203.0,9.805056079757877,19,2,2
1843,1843.0_1.0.png,25,4,-21,104698,147670,42972.0,41.04376396874821,0,4,25
1845,1845.0_1.0.png,19,19,0,19500,21478,1978.0,10.143589743589745,18,1,1
1855,1855.0_1.0.png,32,41,9,40587,54731,14144.0,34.84859684135314,32,9,0
1863,1863.0_1.0.png,4,2,-2,8919,13198,4279.0,47.97623051911649,1,1,3
1864,1864.0_1.0.png,33,35,2,40415,47539,7124.0,17.627118644067796,31,4,2
1885,1885.0_1.0.png,8,18,10,8285,20213,11928.0,143.971031985516,7,11,1
1887,1887.0_1.0.png,14,21,7,23686,30296,6610.0,27.90678037659377,13,8,1
1899,1899.0_1.0.png,9,10,1,7524,11029,3505.0,46.58426368952684,7,3,2
1900,1900.0_1.0.png,11,14,3,11266,15760,4494.0,39.88993431563998,11,3,0
1918,1918.0_1.0.png,4,6,2,4609,9341,4732.0,102.66869169017141,4,2,0
1923,1923.0_1.0.png,11,11,0,10528,12486,1958.0,18.598024316109424,8,3,3
1942,1942.0_1.0.png,5,10,5,5053,11164,6111.0,120.93805660003957,5,5,0
1943,1943.0_1.0.png,19,26,7,28908,40937,12029.0,41.611318666113185,19,7,0
1952,1952.0_1.0.png,10,15,5,16677,15989,1.8446744073709552e+19,1.1061188507351174e+17,8,7,2
1977,1977.0_1.0.png,4,6,2,6907,7567,660.0,9.555523382076155,4,2,0
1994,1994.0_1.0.png,25,27,2,52991,59321,6330.0,11.945424694759488,24,3,1
1995,1995.0_1.0.png,8,20,12,18520,34536,16016.0,86.47948164146868,6,14,2
1996,1996.0_1.0.png,8,18,10,22010,33349,11339.0,51.5174920490686,7,11,1
2007,2007.0_1.0.png,5,17,12,6230,25447,19217.0,308.4590690208668,3,14,2
2027,2027.0_1.0.png,12,13,1,22077,24010,1933.0,8.755718621189473,12,1,0
2050,2050.0_1.0.png,8,13,5,7829,13233,5404.0,69.02541831651551,6,7,2
2056,2056.0_1.0.png,14,14,0,15623,16869,1246.0,7.975420853869296,13,1,1
2075,2075.0_1.0.png,15,28,13,23223,33381,10158.0,43.74111871851182,15,13,0
2085,2085.0_1.0.png,8,19,11,13195,26203,13008.0,98.582796513831,7,12,1
2093,2093.0_1.0.png,8,13,5,8908,13993,5085.0,57.0835204310732,8,5,0
2111,2111.0_1.0.png,14,18,4,19950,22810,2860.0,14.335839598997493,14,4,0
2125,2125.0_1.0.png,25,33,8,31471,35314,3843.0,12.211242095897811,20,13,5
2167,2167.0_1.0.png,13,15,2,27570,28749,1179.0,4.276387377584331,13,2,0
2173,2173.0_1.0.png,5,8,3,7498,24445,16947.0,226.0202720725527,5,3,0
2178,2178.0_1.0.png,10,18,8,15053,24724,9671.0,64.24632963528865,9,9,1
2188,2188.0_1.0.png,9,13,4,10883,13412,2529.0,23.238077735918406,9,4,0
2194,2194.0_1.0.png,22,29,7,44084,52134,8050.0,18.26059341257599,21,8,1
2203,2203.0_1.0.png,15,19,4,22759,47475,24716.0,108.59879608067138,15,4,0
2206,2206.0_1.0.png,9,11,2,10939,12353,1414.0,12.92622726026145,8,3,1
2214,2214.0_1.0.png,14,18,4,32426,37916,5490.0,16.93085795349411,14,4,0
2215,2215.0_1.0.png,15,21,6,14964,20727,5763.0,38.51242983159583,15,6,0
2216,2216.0_1.0.png,4,7,3,4901,8022,3121.0,63.68088145276474,4,3,0
2221,2221.0_1.0.png,7,10,3,10720,13225,2505.0,23.367537313432834,6,4,1
2239,2239.0_1.0.png,10,17,7,19446,21297,1851.0,9.518667078062325,8,9,2
2240,2240.0_1.0.png,7,12,5,9775,12782,3007.0,30.762148337595907,7,5,0
2258,2258.0_1.0.png,6,6,0,12692,10975,1.844674407370955e+19,1.453415070415187e+17,6,0,0
2261,2261.0_1.0.png,13,24,11,25956,35009,9053.0,34.878255509323466,11,13,2
2269,2269.0_1.0.png,9,10,1,11891,12730,839.0,7.055756454461358,8,2,1
2274,2274.0_1.0.png,4,4,0,5818,4742,1.844674407370955e+19,3.170633219956952e+17,4,0,0
2276,2276.0_1.0.png,4,8,4,7734,10774,3040.0,39.30695629687096,4,4,0
2289,2289.0_1.0.png,20,28,8,27477,43831,16354.0,59.51887032791061,16,12,4
2293,2293.0_1.0.png,21,30,9,26925,34761,7836.0,29.10306406685237,19,11,2
2302,2302.0_1.0.png,2,4,2,3752,5554,1802.0,48.027718550106606,2,2,0
2306,2306.0_1.0.png,11,14,3,27504,28552,1048.0,3.810354857475276,11,3,0
2307,2307.0_1.0.png,16,24,8,18975,24186,5211.0,27.462450592885375,16,8,0
2311,2311.0_1.0.png,9,12,3,15122,19299,4177.0,27.622007670943,8,4,1
2329,2329.0_1.0.png,11,13,2,16473,17246,773.0,4.692527165665028,11,2,0
2331,2331.0_1.0.png,14,18,4,20127,30369,10242.0,50.88686838575048,14,4,0
2364,2364.0_1.0.png,6,11,5,8270,12203,3933.0,47.557436517533255,6,5,0
2373,2373.0_1.0.png,21,29,8,26574,41206,14632.0,55.06133815007151,17,12,4
2389,2389.0_1.0.png,25,27,2,34822,36181,1359.0,3.902705186376429,22,5,3
2412,2412.0_1.0.png,7,14,7,12820,20432,7612.0,59.37597503900156,5,9,2
2422,2422.0_1.0.png,8,7,-1,11384,9263,1.844674407370955e+19,1.620409704296341e+17,7,0,1
2427,2427.0_1.0.png,2,4,2,3766,6881,3115.0,82.71375464684016,2,2,0
2453,2453.0_1.0.png,26,30,4,34793,40523,5730.0,16.468829937056302,24,6,2
2456,2456.0_1.0.png,3,5,2,3366,5398,2032.0,60.36838978015449,3,2,0
2463,2463.0_1.0.png,11,16,5,12316,20065,7749.0,62.91815524520948,11,5,0
2469,2469.0_1.0.png,3,7,4,4462,7612,3150.0,70.5961452263559,3,4,0
2470,2470.0_1.0.png,7,8,1,8592,10707,2115.0,24.615921787709496,7,1,0
2474,2474.0_1.0.png,4,9,5,4323,10200,5877.0,135.94725884802222,4,5,0
2477,2477.0_1.0.png,19,28,9,39883,55596,15713.0,39.397738384775465,19,9,0
2480,2480.0_1.0.png,15,15,0,22163,21990,1.8446744073709552e+19,8.3232162043539e+16,15,0,0
2490,2490.0_1.0.png,29,32,3,44555,52917,8362.0,18.767815060038153,27,5,2
2495,2495.0_1.0.png,7,13,6,10597,19004,8407.0,79.33377370954044,7,6,0
2500,2500.0_1.0.png,15,23,8,19382,27820,8438.0,43.535238881436385,15,8,0
