sampleid,filename,has_solar,split,dataset_type
2503,2503.0_0.0.png,1,excluded,positive_unannotated
2517,2517.0_0.0.png,1,excluded,positive_unannotated
2531,2531.0_0.0.png,1,excluded,positive_unannotated
2536,2536.0_0.0.png,1,excluded,positive_unannotated
2538,2538.0_0.0.png,1,excluded,positive_unannotated
2555,2555.0_0.0.png,1,excluded,positive_unannotated
2601,2601.0_0.0.png,1,excluded,positive_unannotated
2621,2621.0_0.0.png,1,excluded,positive_unannotated
2623,2623.0_0.0.png,1,excluded,positive_unannotated
2648,2648.0_0.0.png,1,excluded,positive_unannotated
2670,2670.0_0.0.png,1,excluded,positive_unannotated
2686,2686.0_0.0.png,1,excluded,positive_unannotated
2726,2726.0_0.0.png,1,excluded,positive_unannotated
2731,2731.0_0.0.png,1,excluded,positive_unannotated
2736,2736.0_0.0.png,1,excluded,positive_unannotated
2746,2746.0_0.0.png,1,excluded,positive_unannotated
2750,2750.0_0.0.png,1,excluded,positive_unannotated
2758,2758.0_0.0.png,1,excluded,positive_unannotated
2760,2760.0_0.0.png,1,excluded,positive_unannotated
2821,2821.0_0.0.png,1,excluded,positive_unannotated
2846,2846.0_0.0.png,1,excluded,positive_unannotated
2853,2853.0_0.0.png,1,excluded,positive_unannotated
2855,2855.0_0.0.png,1,excluded,positive_unannotated
2863,2863.0_0.0.png,1,excluded,positive_unannotated
2873,2873.0_0.0.png,1,excluded,positive_unannotated
2875,2875.0_0.0.png,1,excluded,positive_unannotated
2884,2884.0_0.0.png,1,excluded,positive_unannotated
2915,2915.0_0.0.png,1,excluded,positive_unannotated
2923,2923.0_0.0.png,1,excluded,positive_unannotated
2935,2935.0_0.0.png,1,excluded,positive_unannotated
2943,2943.0_0.0.png,1,excluded,positive_unannotated
