fold,filename,true_label,predicted_label
1,49.0_1.0.png,DUPLICATE,POSSIBLE_UNANNOTATED_PANEL
1,562.0_1.0.png,POSSIBLE_UNANNOTATED_PANEL,TRUE_BACKGROUND
1,562.0_1.0.png,TRUE_BACKGROUND,TRUE_BACKGROUND
1,562.0_1.0.png,DUPLICATE,TRUE_BACKGROUND
1,1925.0_1.0.png,TRUE_BACKGROUND,TRUE_BACKGROUND
1,562.0_1.0.png,POSSIBLE_UNANNOTATED_PANEL,TRUE_BACKGROUND
1,562.0_1.0.png,POSSIBLE_UNANNOTATED_PANEL,TRUE_BACKGROUND
1,562.0_1.0.png,DUPLICATE,TRUE_BACKGROUND
1,49.0_1.0.png,OVER_SEGMENTATION,POSSIBLE_UNANNOTATED_PANEL
1,206.0_1.0.png,TRUE_BACKGROUND,TRUE_BACKGROUND
1,1913.0_1.0.png,TRUE_BACKGROUND,TRUE_BACKGROUND
1,23.0_1.0.png,TRUE_BACKGROUND,OVER_SEGMENTATION
1,562.0_1.0.png,POSSIBLE_UNANNOTATED_PANEL,TRUE_BACKGROUND
2,200.0_1.0.png,DUPLICATE,TRUE_BACKGROUND
2,200.0_1.0.png,TRUE_BACKGROUND,DUPLICATE
2,200.0_1.0.png,POSSIBLE_UNANNOTATED_PANEL,POSSIBLE_UNANNOTATED_PANEL
2,200.0_1.0.png,DUPLICATE,POSSIBLE_UNANNOTATED_PANEL
2,200.0_1.0.png,OVER_SEGMENTATION,DUPLICATE
2,200.0_1.0.png,DUPLICATE,POSSIBLE_UNANNOTATED_PANEL
2,200.0_1.0.png,TRUE_BACKGROUND,TRUE_BACKGROUND
2,200.0_1.0.png,OVER_SEGMENTATION,TRUE_BACKGROUND
2,200.0_1.0.png,POSSIBLE_UNANNOTATED_PANEL,TRUE_BACKGROUND
2,200.0_1.0.png,POSSIBLE_UNANNOTATED_PANEL,TRUE_BACKGROUND
2,200.0_1.0.png,POSSIBLE_UNANNOTATED_PANEL,OVER_SEGMENTATION
2,200.0_1.0.png,TRUE_BACKGROUND,POSSIBLE_UNANNOTATED_PANEL
2,200.0_1.0.png,OVER_SEGMENTATION,DUPLICATE
2,200.0_1.0.png,TRUE_BACKGROUND,OVER_SEGMENTATION
2,200.0_1.0.png,TRUE_BACKGROUND,DUPLICATE
2,200.0_1.0.png,TRUE_BACKGROUND,POSSIBLE_UNANNOTATED_PANEL
3,461.0_1.0.png,TRUE_BACKGROUND,TRUE_BACKGROUND
3,2489.0_1.0.png,DUPLICATE,TRUE_BACKGROUND
3,461.0_1.0.png,OVER_SEGMENTATION,TRUE_BACKGROUND
3,461.0_1.0.png,OVER_SEGMENTATION,POSSIBLE_UNANNOTATED_PANEL
3,2489.0_1.0.png,POSSIBLE_UNANNOTATED_PANEL,TRUE_BACKGROUND
3,660.0_1.0.png,POSSIBLE_UNANNOTATED_PANEL,TRUE_BACKGROUND
3,2489.0_1.0.png,OVER_SEGMENTATION,OVER_SEGMENTATION
3,2489.0_1.0.png,POSSIBLE_UNANNOTATED_PANEL,OVER_SEGMENTATION
3,1012.0_1.0.png,POSSIBLE_UNANNOTATED_PANEL,DUPLICATE
3,461.0_1.0.png,TRUE_BACKGROUND,TRUE_BACKGROUND
3,461.0_1.0.png,DUPLICATE,TRUE_BACKGROUND
3,1012.0_1.0.png,TRUE_BACKGROUND,OVER_SEGMENTATION
3,461.0_1.0.png,TRUE_BACKGROUND,TRUE_BACKGROUND
4,779.0_1.0.png,TRUE_BACKGROUND,POSSIBLE_UNANNOTATED_PANEL
4,527.0_1.0.png,OVER_SEGMENTATION,POSSIBLE_UNANNOTATED_PANEL
4,527.0_1.0.png,OVER_SEGMENTATION,POSSIBLE_UNANNOTATED_PANEL
4,527.0_1.0.png,TRUE_BACKGROUND,POSSIBLE_UNANNOTATED_PANEL
4,222.0_1.0.png,TRUE_BACKGROUND,DUPLICATE
4,879.0_1.0.png,TRUE_BACKGROUND,DUPLICATE
4,222.0_1.0.png,TRUE_BACKGROUND,POSSIBLE_UNANNOTATED_PANEL
4,2305.0_1.0.png,POSSIBLE_UNANNOTATED_PANEL,POSSIBLE_UNANNOTATED_PANEL
4,527.0_1.0.png,POSSIBLE_UNANNOTATED_PANEL,POSSIBLE_UNANNOTATED_PANEL
4,2305.0_1.0.png,TRUE_BACKGROUND,POSSIBLE_UNANNOTATED_PANEL
4,779.0_1.0.png,DUPLICATE,TRUE_BACKGROUND
4,2305.0_1.0.png,DUPLICATE,TRUE_BACKGROUND
4,879.0_1.0.png,POSSIBLE_UNANNOTATED_PANEL,DUPLICATE
4,779.0_1.0.png,POSSIBLE_UNANNOTATED_PANEL,DUPLICATE
4,779.0_1.0.png,TRUE_BACKGROUND,DUPLICATE
