source_index,filename,human_label
0,461.0_1.0.png,TRUE_BACKGROUND
1,200.0_1.0.png,DUPLICATE
2,200.0_1.0.png,TRUE_BACKGROUND
3,2489.0_1.0.png,DUPLICATE
4,461.0_1.0.png,OVER_SEGMENTATION
5,200.0_1.0.png,POSSIBLE_UNANNOTATED_PANEL
6,779.0_1.0.png,TRUE_BACKGROUND
7,200.0_1.0.png,DUPLICATE
8,527.0_1.0.png,OVER_SEGMENTATION
9,527.0_1.0.png,OVER_SEGMENTATION
10,461.0_1.0.png,OVER_SEGMENTATION
11,49.0_1.0.png,DUPLICATE
12,200.0_1.0.png,OVER_SEGMENTATION
13,2489.0_1.0.png,POSSIBLE_UNANNOTATED_PANEL
14,660.0_1.0.png,POSSIBLE_UNANNOTATED_PANEL
15,527.0_1.0.png,TRUE_BACKGROUND
16,222.0_1.0.png,TRUE_BACKGROUND
17,2489.0_1.0.png,OVER_SEGMENTATION
18,879.0_1.0.png,TRUE_BACKGROUND
19,562.0_1.0.png,POSSIBLE_UNANNOTATED_PANEL
20,200.0_1.0.png,DUPLICATE
21,200.0_1.0.png,TRUE_BACKGROUND
22,200.0_1.0.png,OVER_SEGMENTATION
23,222.0_1.0.png,TRUE_BACKGROUND
24,562.0_1.0.png,TRUE_BACKGROUND
25,200.0_1.0.png,POSSIBLE_UNANNOTATED_PANEL
26,562.0_1.0.png,DUPLICATE
27,1925.0_1.0.png,TRUE_BACKGROUND
28,200.0_1.0.png,POSSIBLE_UNANNOTATED_PANEL
29,200.0_1.0.png,POSSIBLE_UNANNOTATED_PANEL
30,200.0_1.0.png,TRUE_BACKGROUND
31,2489.0_1.0.png,POSSIBLE_UNANNOTATED_PANEL
32,2305.0_1.0.png,POSSIBLE_UNANNOTATED_PANEL
33,562.0_1.0.png,POSSIBLE_UNANNOTATED_PANEL
34,200.0_1.0.png,OVER_SEGMENTATION
35,527.0_1.0.png,POSSIBLE_UNANNOTATED_PANEL
36,1012.0_1.0.png,POSSIBLE_UNANNOTATED_PANEL
37,200.0_1.0.png,TRUE_BACKGROUND
38,461.0_1.0.png,TRUE_BACKGROUND
39,461.0_1.0.png,DUPLICATE
40,562.0_1.0.png,POSSIBLE_UNANNOTATED_PANEL
41,562.0_1.0.png,DUPLICATE
42,2305.0_1.0.png,TRUE_BACKGROUND
43,49.0_1.0.png,OVER_SEGMENTATION
44,206.0_1.0.png,TRUE_BACKGROUND
45,1913.0_1.0.png,TRUE_BACKGROUND
46,1012.0_1.0.png,TRUE_BACKGROUND
47,200.0_1.0.png,TRUE_BACKGROUND
48,461.0_1.0.png,TRUE_BACKGROUND
49,23.0_1.0.png,TRUE_BACKGROUND
50,562.0_1.0.png,POSSIBLE_UNANNOTATED_PANEL
51,200.0_1.0.png,TRUE_BACKGROUND
52,779.0_1.0.png,DUPLICATE
53,2305.0_1.0.png,DUPLICATE
54,879.0_1.0.png,POSSIBLE_UNANNOTATED_PANEL
55,779.0_1.0.png,POSSIBLE_UNANNOTATED_PANEL
56,779.0_1.0.png,TRUE_BACKGROUND
